-- phpMyAdmin SQL Dump
-- version 5.2.1
-- https://www.phpmyadmin.net/
--
-- Host: 127.0.0.1
-- Generation Time: Nov 04, 2023 at 10:15 AM
-- Server version: 10.4.28-MariaDB
-- PHP Version: 8.2.4

SET SQL_MODE = "NO_AUTO_VALUE_ON_ZERO";
START TRANSACTION;
SET time_zone = "+00:00";


/*!40101 SET @OLD_CHARACTER_SET_CLIENT=@@CHARACTER_SET_CLIENT */;
/*!40101 SET @OLD_CHARACTER_SET_RESULTS=@@CHARACTER_SET_RESULTS */;
/*!40101 SET @OLD_COLLATION_CONNECTION=@@COLLATION_CONNECTION */;
/*!40101 SET NAMES utf8mb4 */;

--
-- Database: `test`
--

-- --------------------------------------------------------

--
-- Table structure for table `daftar`
--

CREATE TABLE `daftar` (
  `ID_DAFTAR` int(11) UNSIGNED NOT NULL,
  `NAMA` varchar(128) NOT NULL,
  `QTY` int(16) DEFAULT NULL,
  `STN` varchar(64) DEFAULT NULL,
  `KATEGORI` varchar(32) NOT NULL,
  `ID_SUPPLIER` int(11) DEFAULT NULL
) ENGINE=InnoDB DEFAULT CHARSET=utf8mb4 COLLATE=utf8mb4_unicode_ci;

--
-- Dumping data for table `daftar`
--

INSERT INTO `daftar` (`ID_DAFTAR`, `NAMA`, `QTY`, `STN`, `KATEGORI`, `ID_SUPPLIER`) VALUES
(1, 'ASAHAN JK B-23', 720, 'PCS', 'PAJAK', 1),
(2, 'ASAHAN JK B-24', 720, 'PCS', 'PAJAK', 1),
(3, 'ASAHAN JK B-24 PTL', 720, 'PCS', 'PAJAK', 1),
(4, 'ASAHAN JK SP-362', 4320, 'PCS', 'PAJAK', 1),
(5, 'BENSIA SF 9925 C', 40, 'BOX', 'PAJAK', NULL),
(6, 'BENSIA SF-9939 A DADU', 768, 'PCS', 'PAJAK', NULL),
(7, 'BINDER CLIP JK 105', 8640, 'PCS', 'PAJAK', 1),
(8, 'BINDER CLIP JK 107', 7200, 'PCS', 'PAJAK', 1),
(9, 'BINDER CLIP JK 111', 4320, 'PCS', 'PAJAK', 1),
(10, 'BINDER CLIP JK 155', 2880, 'PCS', 'PAJAK', 1),
(11, 'BINDER CLIP JK 200', 1440, 'PCS', 'PAJAK', 1),
(12, 'BINDER CLIP JK 260', 720, 'PCS', 'PAJAK', 1),
(13, 'BINDER CLIP JK 280', 432, 'PCS', 'PAJAK', 1),
(14, 'BINDER CLIP JK 300', 288, 'PCS', 'PAJAK', 1),
(15, 'BINDER CLIP KENKO 105', 7200, 'PCS', 'PAJAK', 2),
(16, 'BINDER CLIP KENKO 107', 7200, 'PCS', 'PAJAK', 2),
(17, 'BINDER CLIP KENKO 111', 4320, 'PCS', 'PAJAK', 2),
(18, 'BINDER CLIP KENKO 155', 2880, 'PCS', 'PAJAK', 2),
(19, 'BINDER CLIP KENKO 200', 1440, 'PCS', 'PAJAK', 2),
(20, 'BINDER CLIP KENKO 260', 720, 'PCS', 'PAJAK', 2),
(21, 'BINDER CLIP KENKO 280', 432, 'PCS', 'PAJAK', 2),
(22, 'BINDER CLIP KENKO 280', 432, 'PCS', 'PAJAK', 2),
(23, 'BINDER CLIP KENKO 300', 288, 'PCS', 'PAJAK', 2),
(24, 'BN KENKO A5-BNPP-BC BASIC POLOS', 72, 'PCS', 'PAJAK', 2),
(25, 'BN KENKO A5-BNPP-PC PASTEL', 72, 'PCS', 'PAJAK', 2),
(26, 'BP AODM 011 (5)/ 010 (7) FAKTUR', 240, 'LSN', 'PAJAK', NULL),
(27, 'BP AODM 021 FAKTUR', 240, 'LSN', 'PAJAK', NULL),
(28, 'BP JK BP-273 ZETO HITAM', 1728, 'PCS', 'PAJAK', 1),
(29, 'BP JK BP-336 VOCUS TRANS PTL HITAM', 1728, 'PCS', 'PAJAK', 1),
(30, 'BP JK BP-338 VOCUS HITAM', 1728, 'PCS', 'PAJAK', 1),
(31, 'BP JK BP-349-12 VOKUS TRANS HITAM', 1728, 'PCS', 'PAJAK', 1),
(32, 'BP JK GP-212 I-DIAMOND HITAM', 1728, 'PCS', 'PAJAK', 1),
(33, 'BP KENKO EASY GEL HITAM', 1728, 'PCS', 'PAJAK', 2),
(34, 'BP KENKO HITECH 0.28MM BIRU', 1728, 'PCS', 'PAJAK', 2),
(35, 'BP KENKO HITECH 0.28MM HITAM', 1728, 'PCS', 'PAJAK', 2),
(36, 'BP KENKO HITECH 0.4MM HITAM', 1728, 'PCS', 'PAJAK', 2),
(37, 'BP KENKO HITECH FUN COLOR BIRU', 1728, 'PCS', 'PAJAK', 2),
(38, 'BP KENKO HITECH FUN COLOR HITAM', 1728, 'PCS', 'PAJAK', 2),
(39, 'BP KENKO K-1 BIRU', 1728, 'PCS', 'PAJAK', 2),
(40, 'BP KENKO K-1 HITAM', 1728, 'PCS', 'PAJAK', 2),
(41, 'BP KENKO K-1 MINI HITAM', 1728, 'PCS', 'PAJAK', 2),
(42, 'BP KENKO KE-100 HITAM', 1728, 'PCS', 'PAJAK', 2),
(43, 'BP KENKO KE-303 T-GEL BIRU', 1728, 'PCS', 'PAJAK', 2),
(44, 'BP KENKO KE-303 T-GEL HITAM', 1728, 'PCS', 'PAJAK', 2),
(45, 'BP KENKO KI SPIDER B ', 144, 'LSN', 'PAJAK', NULL),
(46, 'BP KENKO KI SPIDER M ', 144, 'LSN', 'PAJAK', NULL),
(47, 'BP KENKO KR 6 NANORAY', 144, 'LSN', 'PAJAK', NULL),
(48, 'BP KENKO KR 6 NANOTIP ', 144, 'LSN', 'PAJAK', NULL),
(49, 'BP KENKO MD 2', 144, 'LSN', 'PAJAK', NULL),
(50, 'BP KENKO SI BIRU', 144, 'LSN', 'PAJAK', NULL),
(51, 'BP KENKO WINJELLER KE-600 HITAM', 1728, 'PCS', 'PAJAK', 2),
(52, 'BP MICROTEC KENKO 0.28 HITAM', 1728, 'PCS', 'PAJAK', 2),
(53, 'BP PEN STAND KENKO STP 300 SG HITAM', 576, 'PCS', 'PAJAK', 2),
(54, 'BP TZ 501 HITAM', 144, 'LSN', 'PAJAK', NULL),
(55, 'BP VC 1609', 2304, 'PCS', 'PAJAK', 3),
(56, 'BT KENKO BT -3224-01 KEMBANG', 60, 'PCS', 'PAJAK', 2),
(57, 'BT KENKO BT-2920-03 KEMBANG', 60, 'PCS', 'PAJAK', 2),
(58, 'BT KENKO BT-2920-BTK 02 BATIK', 60, 'PCS', 'PAJAK', 2),
(59, 'BT KENKO BT-2920-BTK 03 BATIK', 60, 'PCS', 'PAJAK', 2),
(60, 'BT KENKO BT-3224-BTK 02 BATIK', 60, 'PCS', 'PAJAK', 2),
(61, 'BT KENKO BT-3224-BTK BATIK', 60, 'PCS', 'PAJAK', 2),
(62, 'CALL JK CC 11A', 120, 'PCS', 'PAJAK', 4),
(63, 'CALL JK CC 36', 120, 'PCS', 'PAJAK', 1),
(64, 'CALL JK CC 47 CO', 120, 'PCS', 'PAJAK', 4),
(65, 'CALL JK CC-12 CO', 80, 'PCS', 'PAJAK', 4),
(66, 'CALL JK CC-12CO', 80, 'PCS', 'PAJAK', 4),
(67, 'CALL JK CC-15A', 120, 'PCS', 'PAJAK', 4),
(68, 'CALL JK CC-19 A', 80, 'PCS', 'PAJAK', 4),
(69, 'CALL JK CC-23 CO', 80, 'PCS', 'PAJAK', 4),
(70, 'CALL JK CC-25', 80, 'PCS', 'PAJAK', 4),
(71, 'CALL JK CC-47 CO', 120, 'PCS', 'PAJAK', 4),
(72, 'CALL JK CC-56', 80, 'PCS', 'PAJAK', 4),
(73, 'CALL JK CC-57', 60, 'PCS', 'PAJAK', 4),
(74, 'CALL JK CC-8 A', 120, 'PCS', 'PAJAK', 4),
(75, 'CALL JK CC-8 CO', 120, 'PCS', 'PAJAK', 4),
(76, 'CALL JK CC-800 CH', 60, 'PCS', 'PAJAK', 4),
(77, 'CALL JK CC-810 CH', 60, 'PCS', 'PAJAK', 4),
(78, 'CALL JK DTC-1516', 60, 'PCS', 'PAJAK', 1),
(79, 'CALL JK PKC-0711 HC', 160, 'PCS', 'PAJAK', 4),
(80, 'CLIP JK C.3100', 288, 'PCS', 'PAJAK', 1),
(81, 'CLIP JK NO.1', 500, 'BOX', 'PAJAK', 1),
(82, 'CLIP JK NO.3', 500, 'BOX', 'PAJAK', 1),
(83, 'CLIP JK NO.5', 200, 'BOX', 'PAJAK', 1),
(84, 'CLIP KENKO 3100', 576, 'PCS', 'PAJAK', 2),
(85, 'CLIP KENKO NO.1', 500, 'BOX', 'PAJAK', 2),
(86, 'CLIP KENKO NO.3', 500, 'BOX', 'PAJAK', 2),
(87, 'CLIP KENKO NO.5', 200, 'BOX', 'PAJAK', 2),
(88, 'COUNTER HAND TALLY KENKO HT-302', 200, 'PCS', 'PAJAK', 2),
(89, 'CRAYON PUTAR 24 AGE EIEI KENKO', 72, 'PCS', 'PAJAK', NULL),
(90, 'CRAYON PUTAR 24 SNOOPY EIEI KENKO', 72, 'PCS', 'PAJAK', NULL),
(91, 'CRAYON PUTAR JK 12W PANJANG', 144, 'PCS', 'PAJAK', 1),
(92, 'CRAYON PUTAR JK 12W PENDEK', 144, 'PCS', 'PAJAK', 1),
(93, 'CRAYON PUTAR JK 24W PENDEK', 72, 'PCS', 'PAJAK', 1),
(94, 'CRAYON PUTAR KENKO 12W MINI PUTAR CLASSIC (PVC BAG)', 144, 'PCS', 'PAJAK', 2),
(95, 'CRAYON PUTAR TITI 12W PANJANG', 144, 'PCS', 'PAJAK', 2),
(96, 'CUTTER JK A-300 A', 576, 'PCS', 'PAJAK', 1),
(97, 'CUTTER JK L-500', 288, 'PCS', 'PAJAK', 1),
(98, 'CUTTER KENKO 918C', 20, 'LSN', 'PAJAK', NULL),
(99, 'CUTTER KENKO A-300', 360, 'PCS', 'PAJAK', 2),
(100, 'CUTTER KENKO K-200', 360, 'PCS', 'PAJAK', 2),
(101, 'CUTTER KENKO L 500', 240, 'PCS', 'PAJAK', 2),
(102, 'CUTTER VANCO KECIL 128 TRANS', 1440, 'PCS', 'PAJAK', 3),
(103, 'DATE STAMP KENKO D-4 4MM', 480, 'PCS', 'PAJAK', 2),
(104, 'DESK SET KENKO K 8312', 48, 'PCS', 'PAJAK', 2),
(105, 'DISPENSER JK TD-103', 24, 'PCS', 'PAJAK', 1),
(106, 'DISPENSER JK TD-2S', 100, 'PCS', 'PAJAK', 1),
(107, 'DISPENSER KENKO TD-321', 24, 'PCS', 'PAJAK', 2),
(108, 'DISPENSER KENKO TD-323', 24, 'PCS', 'PAJAK', 2),
(109, 'DISPENSER KENKO TD-505', 12, 'PCS', 'PAJAK', 2),
(110, 'DISPENSER POLAR BEAR MN-305', 576, 'PCS', 'PAJAK', 5),
(111, 'DOUBLE TAPE KENKO 12MM HG PLST BIRU', 240, 'ROL', 'PAJAK', 2),
(112, 'DOUBLE TAPE KENKO 6MM HG PLST BIRU', 480, 'ROL', 'PAJAK', 2),
(113, 'GARISAN 30CM KENKO F4 (1 BOX=120)', 20, 'BOX', 'PAJAK', NULL),
(114, 'GARISAN BESI 60 CM KENKO', 120, 'PCS', 'PAJAK', 2),
(115, 'GARISAN SET PS-9810 PVC', 640, 'SET', 'PAJAK', 3),
(116, 'GARISAN SET ZO-235 PVC', 640, 'SET', 'PAJAK', 3),
(117, 'GUNTING JK SC-828', 144, 'PCS', 'PAJAK', 1),
(118, 'GUNTING JK SC-838', 144, 'PCS', 'PAJAK', 1),
(119, 'GUNTING JK SC-838 SG', 144, 'PCS', 'PAJAK', 1),
(120, 'GUNTING JK SC-848', 144, 'PCS', 'PAJAK', 1),
(121, 'GUNTING KENKO SC 838 N', 300, 'PCS', 'PAJAK', 2),
(122, 'GUNTING KENKO SC 838 SG', 300, 'PCS', 'PAJAK', 2),
(123, 'GUNTING KENKO SC 848 N', 120, 'PCS', 'PAJAK', 2),
(124, 'GUNTING KENKO SC 848 SG', 120, 'PCS', 'PAJAK', 2),
(125, 'GUNTING KENKO SC-828', 300, 'PCS', 'PAJAK', 2),
(126, 'ISI BENSIA LT 11-32', 1600, 'SET', 'PAJAK', 5),
(127, 'ISI CUTTER JK A-100 AM KECIL', 1440, 'PCS', 'PAJAK', 1),
(128, 'ISI CUTTER JK L-150 AM BESAR', 480, 'PCS', 'PAJAK', 1),
(129, 'ISI CUTTER JK L-150 MH BESAR', 480, 'PCS', 'PAJAK', 1),
(130, 'ISI CUTTER KENKO A-100 KECIL', 1440, 'PCS', 'PAJAK', 2),
(131, 'ISI CUTTER KENKO L-150 BESAR', 720, 'PCS', 'PAJAK', 2),
(132, 'ISI GEL K1 KENKO', 288, 'LSN', 'PAJAK', NULL),
(133, 'ISI GW NO.10', 100, 'PAK', 'PAJAK', 6),
(134, 'ISI GW NO.369', 50, 'PAK', 'PAJAK', 6),
(135, 'ISI GW NOVUS NO 10', 100, 'PAK', 'PAJAK', NULL),
(136, 'ISI PENSIL JK PL-05', 1728, 'PCS', 'PAJAK', 1),
(137, 'ISI PENSIL JK PL-10', 1728, 'PCS', 'PAJAK', 1),
(138, 'ISI PENSIL JK PL-11', 864, 'PCS', 'PAJAK', 1),
(139, 'ISI PENSIL JK PL-16', 1728, 'PCS', 'PAJAK', 1),
(140, 'ISI PENSIL KENKO PL-05 2B HI-POLYMER', 2592, 'PCS', 'PAJAK', 2),
(141, 'ISI STAPLER (STAPLES) KENKO 1210', 200, 'BOX', 'PAJAK', 2),
(142, 'ISI STAPLER (STAPLES) KENKO NO.3', 300, 'BOX', 'PAJAK', 2),
(143, 'ISI STAPLER KENKO NO.10-1 M', 800, 'BOX', 'PAJAK', 2),
(144, 'ISI STAPLER SDI 1204 NO.3', 500, 'BOX', 'PAJAK', 7),
(145, 'ISI STAPLER SDI 1210 (23/10)', 200, 'BOX', 'PAJAK', 7),
(146, 'JANGKA SET JK MS 25', 288, 'PCS', 'PAJAK', 1),
(147, 'JANGKA SET JK MS 28', 288, 'PCS', 'PAJAK', 1),
(148, 'JANGKA SET JK MS 75', 288, 'PCS', 'PAJAK', 1),
(149, 'JANGKA SET JK MS-402', 288, 'PCS', 'PAJAK', 1),
(150, 'JANGKA SET JK MS-410', 288, 'PCS', 'PAJAK', 1),
(151, 'JANGKA SET KENKO C-2011', 144, 'PCS', 'PAJAK', 2),
(152, 'JANGKA SET KENKO C-288', 288, 'PCS', 'PAJAK', 2),
(153, 'KARBON S/B DOUBLE B', 50, 'PAK', 'PAJAK', NULL),
(154, 'KARTU STOCK FOLIO HJ (20), K (6)', 10, 'PAK', 'PAJAK', NULL),
(155, 'KARTU STOCK FOLIO M (16), B (1)', 10, 'PAK', 'PAJAK', NULL),
(156, 'KARTU STOCK FOLIO P', 10, 'PAK', 'PAJAK', NULL),
(157, 'KARTU STOCK KWARTO HJ (3), M(3)', 20, 'PAK', 'PAJAK', NULL),
(158, 'KARTU STOCK KWARTO P (2), K (2)', 20, 'PAK', 'PAJAK', NULL),
(159, 'KEY RING JK KR-6', 200, 'PCS', 'PAJAK', 1),
(160, 'KEY RING JK KR-8', 2000, 'PCS', 'PAJAK', 1),
(161, 'KUAS JK BR-4', 144, 'PCS', 'PAJAK', 1),
(162, 'KUAS JK BR-5', 240, 'SET', 'PAJAK', 1),
(163, 'KUAS JK BR-9', 144, 'SET', 'PAJAK', 1),
(164, 'L LEAF JA A5 50', 192, '', 'PAJAK', NULL),
(165, 'L LEAF JA B5 50', 160, 'PCS', 'PAJAK', NULL),
(166, 'L LEAF JK A5 TANPA COVER MIX MOGU/ MINIM/ MOLA(4)', 192, 'PCS', 'PAJAK', NULL),
(167, 'L LEAF JK A5-7020 100LBR', 96, 'PAK', 'PAJAK', 1),
(168, 'L LEAF JK B5-7026 100LBR', 80, 'PAK', 'PAJAK', 1),
(169, 'L LEAF KENKO A5 100', 96, 'PCS', 'PAJAK', 2),
(170, 'L LEAF KENKO A5 50', 192, 'PCS', 'PAJAK', 2),
(171, 'L LEAF KENKO B5 100', 80, 'PCS', 'PAJAK', 2),
(172, 'L LEAF KENKO B5 50', 160, 'PCS', 'PAJAK', 2),
(173, 'LABEL HARGA KENKO 5002 (2 LINE)', 50, 'TUB', 'PAJAK', 2),
(174, 'LABEL HARGA KENKO 6001 (1 LINE)', 50, 'TUB', 'PAJAK', 2),
(175, 'LABEL JK LB-1LY 1 LINE KUNING', 1000, 'ROL', 'PAJAK', 1),
(176, 'LABEL JK LB-2RL 1 LINE PUTIH', 1000, 'ROL', 'PAJAK', 1),
(177, 'LABEL JK LB-3 2 LINE KUNING', 500, 'ROL', 'PAJAK', 1),
(178, 'LABEL JK LB-P2LN 2 LINE PUTIH', 500, 'ROL', 'PAJAK', 1),
(179, 'LAMINATING KENKO LF100-2234', 10, 'BOX', 'PAJAK', 2),
(180, 'LEM CAIR F 5036 (50 ML)', 432, 'PCS', 'PAJAK', 3),
(181, 'LEM GLUPEN KENKO GLP-01', 1728, 'PCS', 'PAJAK', 2),
(182, 'LEM JK GL-50', 288, 'PCS', 'PAJAK', 1),
(183, 'LEM JK GL-R35', 576, 'PCS', 'PAJAK', 1),
(184, 'LEM JK GL-R50', 288, 'PCS', 'PAJAK', 1),
(185, 'LEM KENKO LG 50', 240, 'PCS', 'PAJAK', 2),
(186, 'LEM KENKO LG-35', 240, 'PCS', 'PAJAK', 2),
(187, 'LEM KENKO LG-50', 240, 'PCS', 'PAJAK', 2),
(188, 'LEM STICK JK GS 09', 768, 'PCS', 'PAJAK', 1),
(189, 'LEM STICK JK GS 15', 648, 'PCS', 'PAJAK', 1),
(190, 'LEM STICK JK GS 25', 432, 'PCS', 'PAJAK', 1),
(191, 'LEM STICK JK GS-100', 864, 'PCS', 'PAJAK', 1),
(192, 'LEM STICK JK GS-102', 576, 'PCS', 'PAJAK', 1),
(193, 'LEM STICK JK GS-103', 864, 'PCS', 'PAJAK', 1),
(194, 'LEM STICK JK GS-104', 864, 'PCS', 'PAJAK', 1),
(195, 'LEM STICK JK GS-15', 648, 'PCS', 'PAJAK', 1),
(196, 'LEM STICK KENKO 15GR TANGGUNG', 720, 'PCS', 'PAJAK', 2),
(197, 'LEM STICK KENKO 25GR BESAR', 432, 'PCS', 'PAJAK', 2),
(198, 'LEM STICK KENKO 8GR KECIL', 1080, 'PCS', 'PAJAK', 2),
(199, 'MARKER PERMANEN KENKO PM-100 HITAM', 720, 'PCS', 'PAJAK', 2),
(200, 'MARKER WB KENKO WM-100 HITAM', 720, 'PCS', 'PAJAK', 2),
(201, 'MECHPEN KENKO MP 01', 1728, 'PCS', 'PAJAK', 2),
(202, 'MESIN LABEL HARGA JK MX-5500 M', 20, 'PCS', 'PAJAK', 1),
(203, 'MESIN LABEL HARGA KENKO MX-5500', 50, 'PCS', 'PAJAK', 2),
(204, 'MESIN LABEL HARGA KENKO MX-5500 EOS', 50, 'PCS', 'PAJAK', 2),
(205, 'MESIN LABEL HARGA KENKO MX-6600 A', 50, 'PCS', 'PAJAK', 2),
(206, 'O PASTEL JK 12W OP-12 CHC COMPACT', 144, 'PCS', 'PAJAK', 1),
(207, 'O PASTEL JK 12W OP-12 CR ROUND', 144, 'SET', 'PAJAK', 1),
(208, 'O PASTEL JK 12W OP-12 S', 144, 'PCS', 'PAJAK', 1),
(209, 'O PASTEL JK 12W OP-12CH HEXAGONAL', 144, 'PCS', 'PAJAK', 1),
(210, 'O PASTEL JK 18W OP-18 S', 72, 'PCS', 'PAJAK', 1),
(211, 'O PASTEL JK 24W OP-24 S', 48, 'SET', 'PAJAK', 1),
(212, 'O PASTEL JK 36W OP-36 S', 36, 'SET', 'PAJAK', 1),
(213, 'O PASTEL JK 48W OP-48 S', 24, 'SET', 'PAJAK', 1),
(214, 'O PASTEL JK 55W OP-55 S', 24, 'SET', 'PAJAK', 1),
(215, 'O PASTEL JK 72W OP-72 S', 24, 'SET', 'PAJAK', 1),
(216, 'O PASTEL KENKO 18W GARDEN', 72, 'PCS', 'PAJAK', 2),
(217, 'O PASTEL TITI 12W TI-P-12 S', 144, 'PCS', 'PAJAK', 2),
(218, 'O PASTEL TITI 18W TI-P-18 S', 72, 'PCS', 'PAJAK', 2),
(219, 'O PASTEL TITI 24W TI-P-24 S', 48, 'SET', 'PAJAK', 2),
(220, 'O PASTEL TITI 36W TI-P-36 S', 36, 'SET', 'PAJAK', 2),
(221, 'O PASTEL TITI 48W TI-P-48 S', 24, 'SET', 'PAJAK', 2),
(222, 'O PASTEL TITI 55W TI-P-55 S', 24, 'SET', 'PAJAK', 2),
(223, 'O PASTEL TITI 72W JK', 24, '', 'PAJAK', NULL),
(224, 'OIL COLOR PENSIL JK TC 126-18 ', 18, 'SET', 'PAJAK', 1),
(225, 'OP TITI 12W PUTAR PANJANG', 12, 'LSN', 'PAJAK', NULL),
(226, 'OP TITII 24W', 48, 'PCS', 'PAJAK', NULL),
(227, 'P CASE KENKO 2160P AGE', 120, 'PCS', 'PAJAK', NULL),
(228, 'P CASE KENKO 2180 MG', 120, 'PCS', 'PAJAK', NULL),
(229, 'PAPER CLIP JK C-3100', 24, 'LSN', 'PAJAK', NULL),
(230, 'PAPER CUTTER JK PC-1938 (A4)', 20, 'PCS', 'PAJAK', 1),
(231, 'PAPER CUTTER JK PC-2638 (F4)', 5, 'PCS', 'PAJAK', 1),
(232, 'PAPER FASTENER KENKO PF-508 WARNA', 100, 'BOX', 'PAJAK', 2),
(233, 'PAPER FASTENER JK PF-50 PUTIH', 100, 'PAK', 'PAJAK', 1),
(234, 'PC 0717-5-30 A/D KENKO', 24, 'PCS', 'PAJAK', NULL),
(235, 'PC JK PC-0719', 24, 'LSN', 'PAJAK', NULL),
(236, 'PC JK PC-0719 FANCY', 24, 'LSN', 'PAJAK', NULL),
(237, 'PC JK PC-0719 PL-32', 24, 'LSN', 'PAJAK', NULL),
(238, 'PC JK PC-0719-32 POLOS', 24, 'LSN', 'PAJAK', NULL),
(239, 'PC JK PC-0719-35 MIX', 24, 'LSN', 'PAJAK', NULL),
(240, 'PC JK PC-0719-35 PASTEL', 24, 'LSN', 'PAJAK', NULL),
(241, 'PC JK PC-0719-35 POLOS', 24, 'LSN', 'PAJAK', NULL),
(242, 'PC JK PC-0719AC-36A/F ANIMAL CALENDER', 24, 'LSN', 'PAJAK', NULL),
(243, 'PC JK PC-0719GZ-34A/F GOZZY', 288, 'PCS', 'PAJAK', 1),
(244, 'PC JK PC-0719TV-33A/F TRAVEL', 288, 'PCS', 'PAJAK', 1),
(245, 'PC KENKO 0719 FANCY', 24, 'LSN', 'PAJAK', NULL),
(246, 'PC KENKO 0719 PASTEL', 24, 'LSN', 'PAJAK', NULL),
(247, 'PC KENKO PC-0719-UR', 288, 'PCS', 'PAJAK', 2),
(248, 'PC KLG/ STUDY SET K-597 MOBIL 20.5X7', 144, 'PCS', 'PAJAK', 3),
(249, 'PC MAGNIT  AC-1762 (22X7.5)', 144, 'PCS', 'PAJAK', 3),
(250, 'PC MAGNIT 1758', 144, 'PCS', 'PAJAK', NULL),
(251, 'PC MAGNIT B 35145', 96, 'PCS', 'PAJAK', 8),
(252, 'PC MAGNIT B-35165', 96, 'PCS', 'PAJAK', 8),
(253, 'PC MAGNIT C-1755-1 (22X7.5)', 160, 'PCS', 'PAJAK', 3),
(254, 'PC MAGNIT C-1758 (22X7.5)', 192, 'PCS', 'PAJAK', 3),
(255, 'PC MAGNIT C-2755-1 (22X7.5)', 192, 'PCS', 'PAJAK', 3),
(256, 'PC MAGNIT C-5212 3D (23X8.5)', 144, 'PCS', 'PAJAK', 3),
(257, 'PC MAGNIT FC-1757 (22X7.5)', 144, 'PCS', 'PAJAK', 3),
(258, 'PC MAGNIT FC-1758 (22X7.5)', 144, 'PCS', 'PAJAK', 3),
(259, 'PC MAGNIT FC-5223 3D (23X8.5)', 144, 'PCS', 'PAJAK', 3),
(260, 'PC MAGNIT FC-6295 (23X10)', 144, 'PCS', 'PAJAK', 3),
(261, 'PC MAGNIT FX-2210 METALIK LEBAR (22X10)', 120, 'PCS', 'PAJAK', 3),
(262, 'PC MAGNIT FX-2275 (22X7.5) METALIK', 144, 'PCS', 'PAJAK', 3),
(263, 'PC MAGNIT FY-6822 (22X7.5)', 192, 'PCS', 'PAJAK', 3),
(264, 'PC MAGNIT JH-220 A (22X8.5)', 192, 'PCS', 'PAJAK', 3),
(265, 'PC MAGNT LPY-6 (23X8)', 144, 'PCS', 'PAJAK', 3),
(266, 'PENSIL GLASS JK PG-100', 1728, 'PCS', 'PAJAK', 1),
(267, 'PENSIL JK P-101 2B ANIMAL KINGDOM 2', 4320, 'PCS', 'PAJAK', 1),
(268, 'PENSIL JK P-88 2B', 4320, 'PCS', 'PAJAK', 1),
(269, 'PENSIL JK P-90', 4320, 'PCS', 'PAJAK', 1),
(270, 'PENSIL JK P-91', 4320, 'PCS', 'PAJAK', 1),
(271, 'PENSIL JK P-93 2B', 4320, 'PCS', 'PAJAK', 1),
(272, 'PENSIL KENKO 2B 6019', 20, 'GRS', 'PAJAK', NULL),
(273, 'PENSIL KENKO 2B 6906', 20, 'GRS', 'PAJAK', NULL),
(274, 'PENSIL KENKO 2B 6909 BATIK', 2, 'GRS', 'PAJAK', NULL),
(275, 'PENSIL KENKO 2B-0810 FLUORESCENT', 2880, 'PCS', 'PAJAK', 2),
(276, 'PENSIL KENKO 2B-3030', 2880, 'PCS', 'PAJAK', 2),
(277, 'PENSIL KENKO 2B-3181 HITAM CAP MERAH', 2880, 'PCS', 'PAJAK', 2),
(278, 'PENSIL KENKO 2B-6120 DOODLE', 2880, 'PCS', 'PAJAK', 2),
(279, 'PENSIL KENKO 2B-6181 BIRU CAP HITAM', 2880, 'PCS', 'PAJAK', 2),
(280, 'PENSIL KENKO 2B-6191 HIJAU CAP HITAM', 2880, 'PCS', 'PAJAK', 2),
(281, 'PENSIL KENKO 2B-6371 SILVER CAP BIRU', 2880, 'PCS', 'PAJAK', 2),
(282, 'PENSIL KENKO 2B-6373 METALIK', 2880, 'PCS', 'PAJAK', 2),
(283, 'PENSIL KENKO 2B-6393 FLUORESCENT', 2880, 'PCS', 'PAJAK', 2),
(284, 'PENSIL KENKO 6388', 20, 'GRS', 'PAJAK', NULL),
(285, 'PENSIL ZHONG HUA 6925-2B/B OVAL', 2560, 'PCS', 'PAJAK', 5),
(286, 'PENSIL ZHONG HUA M/ B 120 KECIL', 4320, 'PCS', 'PAJAK', 5),
(287, 'PLAKBAN KAIN HITAM KENKO 36MM PLST MERAH', 80, 'ROL', 'PAJAK', 2),
(288, 'PLAKBAN KAIN HITAM KENKO 48MM PLST MERAH', 60, 'ROL', 'PAJAK', 2),
(289, 'PLAKBAN KAIN KENKO 48MM PLST BIRU', 60, 'ROL', 'PAJAK', 2),
(290, 'PLAKBAN KENKO BENING', 72, 'PCS', 'PAJAK', NULL),
(291, 'PLAKBAN KENKO COKLAT', 72, 'PCS', 'PAJAK', NULL),
(292, 'PLAKBAND KAIN KENKO 1.1/2', 80, '', 'PAJAK', NULL),
(293, 'POCKET NOTE KENKO 403', 12, 'LSN', 'PAJAK', NULL),
(294, 'POCKET NOTE KENKO 404', 20, 'LSN', 'PAJAK', NULL),
(295, 'POCKET NOTE KENKO PN-501', 72, 'PCS', 'PAJAK', 2),
(296, 'PUNCH JK 85', 24, 'PCS', 'PAJAK', 1),
(297, 'PUNCH JK 30', 120, 'PCS', 'PAJAK', 1),
(298, 'PUNCH JK 40 XL', 60, 'PCS', 'PAJAK', 1),
(299, 'PUNCH JK 85 B', 24, 'PCS', 'PAJAK', 1),
(300, 'PUNCH KENKO 30 XL', 96, 'PCS', 'PAJAK', 2),
(301, 'PUNCH KENKO 40 XL', 48, 'PCS', 'PAJAK', 2),
(302, 'PUNCH KENKO 85', 24, 'PCS', 'PAJAK', 2),
(303, 'PUNCH KENKO 85XL', 24, 'PCS', 'PAJAK', 2),
(304, 'PUNCH KENKO 30', 120, 'PCS', 'PAJAK', 2),
(305, 'PUNCH KENKO 40', 60, 'PCS', 'PAJAK', 2),
(306, 'PUSH PIN JK PP 30', 576, 'PCS', 'PAJAK', 1),
(307, 'PUSHPIN KENKO PN 30', 576, 'PCS', 'PAJAK', 2),
(308, 'PW BICOLOR KENKO 12W CP-12 FBC CLASSIC', 288, 'PCS', 'PAJAK', 2),
(309, 'PW JK 12 PENDEK', 24, 'LSN', 'PAJAK', NULL),
(310, 'PW JK 12W CP-100', 144, '', 'PAJAK', NULL),
(311, 'PW JK 12W CP-103', 144, 'PCS', 'PAJAK', NULL),
(312, 'PW JK 12W CP-12 PB PANJANG', 144, 'PCS', 'PAJAK', 1),
(313, 'PW JK 12W CP-S 12 PENDEK', 288, 'SET', 'PAJAK', 1),
(314, 'PW JK 24W CP-101', 72, '', 'PAJAK', NULL),
(315, 'PW JK 24W CP-24 PB PANJANG', 72, 'SET', 'PAJAK', 1),
(316, 'PW JK 24W CP-24 TC KALENG', 72, 'PCS', 'PAJAK', NULL),
(317, 'PW JK 24W CP-S 24 PENDEK', 144, 'PCS', 'PAJAK', 1),
(318, 'PW JK 24W PANJANG', 72, '', 'PAJAK', NULL),
(319, 'PW JK CP 102 PENDEK', 24, 'LSN', 'PAJAK', NULL),
(320, 'PW JK CP-104', 72, '', 'PAJAK', NULL),
(321, 'PW JK CP-107', 288, 'SET', 'PAJAK', 1),
(322, 'PW KENKO 12W CP-12 F CLASSIC PANJANG', 288, 'PCS', 'PAJAK', 2),
(323, 'PW KENKO 12W CP-12 F NONWOOD CLASSIC', 288, 'PCS', 'PAJAK', 2),
(324, 'PW KENKO 12W CP-12 F TIN CASE CLASSIC', 120, 'PCS', 'PAJAK', 2),
(325, 'PW KENKO 12W CP-12HALF CLASSIC', 576, 'SET', 'PAJAK', 2),
(326, 'PW KENKO 12W FBC', 24, 'LSN', 'PAJAK', NULL),
(327, 'PW KENKO 24W CP-24 F CLASSIC PANJANG', 144, 'SET', 'PAJAK', 2),
(328, 'PW KENKO 36 F', 80, '', 'PAJAK', NULL),
(329, 'PW KENKO 36W', 80, '', 'PAJAK', NULL),
(330, 'SAMPUL BOXY BATIK', 180, 'PCS', 'PAJAK', 9),
(331, 'SAMPUL KWARTO BATIK', 240, 'PCS', 'PAJAK', 9),
(332, 'SPIDOL 12W BRUSH PEN DBP 12W  KENKO', 144, 'SET', 'PAJAK', 2),
(333, 'SPIDOL 24W BRUSH PEN DBP 24W  KENKO', 72, 'SET', 'PAJAK', 2),
(334, 'SPIDOL COLOR MARKER KENKO HJ', 144, 'LSN', 'PAJAK', NULL),
(335, 'SPIDOL KENKO H LIGHTER OR(3)/ HJ(1)', 72, 'LSN', 'PAJAK', NULL),
(336, 'SPIDOL KENKO H LIGHTER WIN LINER K', 72, 'LSN', 'PAJAK', NULL),
(337, 'SPIDOL KENKO MARKER M LEPASAN', 144, 'LSN', 'PAJAK', NULL),
(338, 'SPIDOL KENKO MARKER PM 700 M', 60, 'LSN', 'PAJAK', NULL),
(339, 'SPIDOL KENKO MARKER WM 700 B/ M WHITEBOARD', 60, 'LSN', 'PAJAK', NULL),
(340, 'SPIDOL KENKO PERMANENT PM100 HT', 60, 'LSN', 'PAJAK', NULL),
(341, 'STABILLO HIGHLIGHTER ZRM ZH-103 KUNING', 600, 'PCS', 'PAJAK', 7),
(342, 'STABILLO HL 1 (K) 2/ HJ (1)', 720, 'PCS', 'PAJAK', NULL),
(343, 'STABILLO HL 3 (BR), HL 5 (OR)', 720, '', 'PAJAK', NULL),
(344, 'STABILLO KENKO HIGH WINNER KUNING', 864, 'PCS', 'PAJAK', NULL),
(345, 'STABILLO VANCO HL 520', 100, 'LSN', 'PAJAK', NULL),
(346, 'STAMP PLATE DATER KENKO S-68 (LUNAS)', 240, 'PCS', 'PAJAK', 2),
(347, 'STAMPAD JK NO 1', 216, 'PCS', 'PAJAK', NULL),
(348, 'STAMPAD JK NO 2', 144, 'PCS', 'PAJAK', NULL),
(349, 'STAMP PAD KENKO NO.1', 216, 'PCS', 'PAJAK', 2),
(350, 'STAPLER HD 10 CL JK', 20, 'LSN', 'PAJAK', NULL),
(351, 'STAPLER HD 50 CL', 10, 'LSN', 'PAJAK', NULL),
(352, 'STAPLER JK HD 50', 10, 'LSN', 'PAJAK', NULL),
(353, 'STAPLER JK HD-10', 240, 'PCS', 'PAJAK', 1),
(354, 'STAPLER JK HD-10 M', 300, 'PCS', 'PAJAK', 1),
(355, 'STAPLER JK HD-12A/13', 12, 'PCS', 'PAJAK', 1),
(356, 'STAPLER JK HD-12N/13', 12, 'PCS', 'PAJAK', 1),
(357, 'STAPLER JK HD-50', 120, 'PCS', 'PAJAK', NULL),
(358, 'STAPLER KENKO 12L/ 24', 6, 'PCS', 'PAJAK', NULL),
(359, 'STAPLER KENKO HD 50 OJ', 120, 'PCS', 'PAJAK', 2),
(360, 'STAPLER KENKO HD-10', 240, 'PCS', 'PAJAK', 2),
(361, 'STAPLER KENKO HD-10 D', 240, 'PCS', 'PAJAK', 2),
(362, 'STAPLER KENKO HD-10 S MINI', 300, 'PCS', 'PAJAK', 2),
(363, 'STAPLER KENKO HD-10D', 240, 'PCS', 'PAJAK', 2),
(364, 'STAPLER KENKO HD-12N/ 13', 6, 'PCS', 'PAJAK', 2),
(365, 'STAPLER KENKO HD-12N/ 24', 6, 'PCS', 'PAJAK', 2),
(366, 'STAPLER KENKO HD-50', 120, 'PCS', 'PAJAK', 2),
(367, 'STAPLER SDI 1102', 360, 'PCS', 'PAJAK', 7),
(368, 'STAPLER SDI 1123', 240, 'PCS', 'PAJAK', 7),
(369, 'STAPLER YUAN CHANG 414', 60, 'PCS', 'PAJAK', 5),
(370, 'STIP JK 107 ANIMAL', 50, 'BOX', 'PAJAK', NULL),
(371, 'STIP JK 20 HT', 1000, 'PCS', 'PAJAK', 1),
(372, 'STIP JK 20 P', 1000, 'PCS', 'PAJAK', 1),
(373, 'STIP JK 30 HT', 1500, 'PCS', 'PAJAK', 1),
(374, 'STIP JK 30 P', 1500, 'PCS', 'PAJAK', 1),
(375, 'STIP JK 40 HT', 2000, 'PCS', 'PAJAK', 1),
(376, 'STIP JK 40 P', 2000, 'PCS', 'PAJAK', 1),
(377, 'STIP JK 40 WARNA', 2000, 'PCS', 'PAJAK', 1),
(378, 'STIP JK 526-B20', 50, 'BOX', 'PAJAK', NULL),
(379, 'STIP JK 526-B40 P', 50, 'BOX', 'PAJAK', NULL),
(380, 'STIP JK ER-110', 50, 'BOX', 'PAJAK', NULL),
(381, 'STIP JK PEN MER-01', 144, 'LSN', 'PAJAK', NULL),
(382, 'STIP KENKO 20 HT', 50, '', 'PAJAK', NULL),
(383, 'STIP KENKO 20 PUTIH', 50, 'BOX', 'PAJAK', 2),
(384, 'STIP KENKO 40 HITAM', 50, '', 'PAJAK', NULL),
(385, 'STIP KENKO 40 PUTIH', 50, '', 'PAJAK', NULL),
(386, 'STIP KENKO ER 36 BATIK', 100, 'PCS', 'PAJAK', NULL),
(387, 'TAPE CUTTER  JK TD-2H', 24, 'PCS', 'PAJAK', NULL),
(388, 'TAPE CUTTER KENKO 503', 12, 'PCS', 'PAJAK', NULL),
(389, 'TAPE CUTTER KENKO TD-321', 24, 'PCS', 'PAJAK', NULL),
(390, 'TAPE CUTTER KENKO TD-323', 24, 'PCS', 'PAJAK', NULL),
(391, 'TAS 3234 PARADISE JK', 100, 'PCS', 'PAJAK', NULL),
(392, 'TAS S.BAG JK SPB-30 CT-29 A/B CULTURE', 100, 'PCS', 'PAJAK', 1),
(393, 'TIPE EX CF S 203 A JK', 48, 'LSN', 'PAJAK', NULL),
(394, 'TIPE EX CF S 209 A JK', 36, 'LSN', 'PAJAK', NULL),
(395, 'TIPE EX CT 522 JK', 60, 'LSN', 'PAJAK', NULL),
(396, 'TIPE EX CT J 205 PT JK', 48, 'LSN', 'PAJAK', NULL),
(397, 'TIPE EX CT S 201 PT JK', 48, 'LSN', 'PAJAK', NULL),
(398, 'TIPE EX JK 101', 576, 'PCS', 'PAJAK', 1),
(399, 'TIPE EX KENKO 310 SL (12M)', 48, 'LSN', 'PAJAK', NULL),
(400, 'TIPE EX KENKO CT 309 (12M)', 48, 'LSN', 'PAJAK', NULL),
(401, 'TIPE-EX JK 101', 576, 'PCS', 'PAJAK', 1),
(402, 'TIPE-EX JK 101 A', 576, 'PCS', 'PAJAK', 1),
(403, 'TIPE-EX JK 508', 60, 'LSN', 'PAJAK', NULL),
(404, 'TIPE-EX JK CF-P231', 576, 'PCS', 'PAJAK', 1),
(405, 'TIPE-EX JK CF-S 209', 30, 'LSN', 'PAJAK', NULL),
(406, 'TIPE-EX JK CF-S 209 A', 432, 'PCS', 'PAJAK', 1),
(407, 'TIPE-EX JK CT-507', 720, 'PCS', 'PAJAK', 1),
(408, 'TIPE-EX JK CT-520', 36, 'LSN', 'PAJAK', NULL),
(409, 'TIPE-EX JK CT-522', 720, 'PCS', 'PAJAK', 1),
(410, 'TIPE-EX JK CT-522', 720, 'PCS', 'PAJAK', 1),
(411, 'TIPE-EX JK CT-522 PTL', 720, 'PCS', 'PAJAK', 1),
(412, 'TIPE-EX JK CT-522-02', 24, 'LSN', 'PAJAK', NULL),
(413, 'TIPE-EX JK CT-546', 360, 'PCS', 'PAJAK', 1),
(414, 'TIPE-EX JK P.235', 120, 'LSN', 'PAJAK', NULL),
(415, 'TIPE-EX JK S.225', 36, 'LSN', 'PAJAK', NULL),
(416, 'TIPE-EX JK-01', 576, 'PCS', 'PAJAK', 1),
(417, 'TIPE-EX JK-101', 576, 'PCS', 'PAJAK', 1),
(418, 'TIPE-EX JK-101 A', 576, 'PCS', 'PAJAK', 1),
(419, 'TIPE-EX KENKO 01 FANCY MIX', 36, 'LSN', 'PAJAK', NULL),
(420, 'TIPE-EX KENKO 210 SL', 36, 'LSN', 'PAJAK', NULL),
(421, 'TIPE-EX KENKO 306', 48, 'LSN', 'PAJAK', NULL),
(422, 'TIPE-EX KENKO 310 SL', 48, 'LSN', 'PAJAK', NULL),
(423, 'TIPE-EX KENKO 634', 48, 'LSN', 'PAJAK', NULL),
(424, 'TIPE-EX KENKO 802', 48, 'LSN', 'PAJAK', NULL),
(425, 'TIPE-EX KENKO 823', 36, 'LSN', 'PAJAK', NULL),
(426, 'TIPE-EX KENKO 831', 48, 'LSN', 'PAJAK', NULL),
(427, 'TIPE-EX KENKO CT 2001', 432, 'PCS', 'PAJAK', 2),
(428, 'TIPE-EX KENKO CT-1505 FC', 576, 'PCS', 'PAJAK', 2),
(429, 'TIPE-EX KENKO CT-202N', 432, 'PCS', 'PAJAK', 2),
(430, 'TIPE-EX KENKO CT-3001', 432, 'PCS', 'PAJAK', 2),
(431, 'TIPE-EX KENKO CT-309', 576, 'PCS', 'PAJAK', 2),
(432, 'TIPE-EX KENKO CT-606', 576, 'PCS', 'PAJAK', 2),
(433, 'TIPE-EX KENKO CT-608 FC', 576, 'PCS', 'PAJAK', 2),
(434, 'TIPE-EX KENKO CT-634 DT', 576, 'PCS', 'PAJAK', 2),
(435, 'TIPE-EX KENKO CT-634 N', 576, 'PCS', 'PAJAK', 2),
(436, 'TIPE-EX KENKO CT-809', 576, 'PCS', 'PAJAK', 2),
(437, 'TIPE-EX KENKO CT-819', 432, 'PCS', 'PAJAK', 2),
(438, 'TIPE-EX KENKO CT-902', 576, 'PCS', 'PAJAK', 2),
(439, 'TIPE-EX KENKO CT-905', 48, 'LSN', 'PAJAK', NULL),
(440, 'TIPE-EX KENKO CT-906', 576, 'PCS', 'PAJAK', 2),
(441, 'TIPE-EX KENKO CT-909', 576, 'PCS', 'PAJAK', 2),
(442, 'TIPE-EX KENKO CT-919', 432, 'PCS', 'PAJAK', 2),
(443, 'TIPE-EX KENKO KE-01', 432, 'PCS', 'PAJAK', 2),
(444, 'TIPE-EX KENKO KE-107 M', 432, 'PCS', 'PAJAK', 2),
(445, 'TIPE-EX KENKO KE-108', 432, 'PCS', 'PAJAK', 2),
(446, 'TIPE-EX KENKO KE-823 M', 432, 'PCS', 'PAJAK', 2),
(447, 'TIPE-EX KENKO KE-826 M', 432, 'PCS', 'PAJAK', 2),
(448, 'WATER COLOR JK WC 4-12', 108, 'SET', 'PAJAK', 1),
(449, 'WATER COLOR JK WC 4-24', 48, 'SET', 'PAJAK', 1);

-- --------------------------------------------------------

--
-- Stand-in structure for view `stock_view_1`
-- (See below for the actual view)
--
CREATE TABLE `stock_view_1` (
`ID_DAFTAR` int(11) unsigned
,`NAMA` varchar(128)
,`SUPPLIER` varchar(255)
,`QTY` int(16)
,`STN` varchar(64)
,`KATEGORI` varchar(32)
,`STOCK` decimal(53,0)
);

-- --------------------------------------------------------

--
-- Table structure for table `supplier`
--

CREATE TABLE `supplier` (
  `id_supplier` int(10) UNSIGNED NOT NULL,
  `nama` varchar(255) DEFAULT NULL
) ENGINE=InnoDB DEFAULT CHARSET=utf8mb4 COLLATE=utf8mb4_unicode_ci;

--
-- Dumping data for table `supplier`
--

INSERT INTO `supplier` (`id_supplier`, `nama`) VALUES
(1, 'ATALI'),
(2, 'KENKO'),
(3, 'SAMUDERA ANGKASA JAYA'),
(4, 'KALINDO'),
(5, 'LAUTAN MAS ASIA'),
(6, 'LAYS'),
(7, 'SDI'),
(8, '99'),
(9, 'PARAMA');

-- --------------------------------------------------------

--
-- Table structure for table `transaksi`
--

CREATE TABLE `transaksi` (
  `ID_TRANSAKSI` int(11) UNSIGNED NOT NULL,
  `JUMLAH` int(32) NOT NULL,
  `USER` varchar(64) NOT NULL,
  `TANGGAL` datetime NOT NULL,
  `JENIS` varchar(32) NOT NULL,
  `KETERANGAN` varchar(128) DEFAULT NULL,
  `ID_DAFTAR` int(11) NOT NULL
) ENGINE=InnoDB DEFAULT CHARSET=utf8mb4 COLLATE=utf8mb4_unicode_ci;

--
-- Dumping data for table `transaksi`
--

INSERT INTO `transaksi` (`ID_TRANSAKSI`, `JUMLAH`, `USER`, `TANGGAL`, `JENIS`, `KETERANGAN`, `ID_DAFTAR`) VALUES
(1, 0, 'Guest', '2023-11-04 16:14:45', 'AWAL', 'STOCK AWAL', 1),
(2, 0, 'Guest', '2023-11-04 16:14:45', 'AWAL', 'STOCK AWAL', 2),
(3, 0, 'Guest', '2023-11-04 16:14:45', 'AWAL', 'STOCK AWAL', 3),
(4, 0, 'Guest', '2023-11-04 16:14:45', 'AWAL', 'STOCK AWAL', 4),
(5, 6, 'Guest', '2023-11-04 16:14:45', 'AWAL', 'STOCK AWAL', 5),
(6, 13, 'Guest', '2023-11-04 16:14:45', 'AWAL', 'STOCK AWAL', 6),
(7, 0, 'Guest', '2023-11-04 16:14:45', 'AWAL', 'STOCK AWAL', 7),
(8, 0, 'Guest', '2023-11-04 16:14:45', 'AWAL', 'STOCK AWAL', 8),
(9, 0, 'Guest', '2023-11-04 16:14:45', 'AWAL', 'STOCK AWAL', 9),
(10, 0, 'Guest', '2023-11-04 16:14:45', 'AWAL', 'STOCK AWAL', 10),
(11, 0, 'Guest', '2023-11-04 16:14:45', 'AWAL', 'STOCK AWAL', 11),
(12, 0, 'Guest', '2023-11-04 16:14:45', 'AWAL', 'STOCK AWAL', 12),
(13, 0, 'Guest', '2023-11-04 16:14:45', 'AWAL', 'STOCK AWAL', 13),
(14, 1, 'Guest', '2023-11-04 16:14:45', 'AWAL', 'STOCK AWAL', 14),
(15, 5, 'Guest', '2023-11-04 16:14:45', 'AWAL', 'STOCK AWAL', 15),
(16, 7, 'Guest', '2023-11-04 16:14:45', 'AWAL', 'STOCK AWAL', 16),
(17, 4, 'Guest', '2023-11-04 16:14:45', 'AWAL', 'STOCK AWAL', 17),
(18, 0, 'Guest', '2023-11-04 16:14:45', 'AWAL', 'STOCK AWAL', 18),
(19, 6, 'Guest', '2023-11-04 16:14:45', 'AWAL', 'STOCK AWAL', 19),
(20, 4, 'Guest', '2023-11-04 16:14:45', 'AWAL', 'STOCK AWAL', 20),
(21, 2, 'Guest', '2023-11-04 16:14:45', 'AWAL', 'STOCK AWAL', 21),
(22, 0, 'Guest', '2023-11-04 16:14:45', 'AWAL', 'STOCK AWAL', 22),
(23, 4, 'Guest', '2023-11-04 16:14:45', 'AWAL', 'STOCK AWAL', 23),
(24, 0, 'Guest', '2023-11-04 16:14:45', 'AWAL', 'STOCK AWAL', 24),
(25, 0, 'Guest', '2023-11-04 16:14:45', 'AWAL', 'STOCK AWAL', 25),
(26, 12, 'Guest', '2023-11-04 16:14:45', 'AWAL', 'STOCK AWAL', 26),
(27, 5, 'Guest', '2023-11-04 16:14:45', 'AWAL', 'STOCK AWAL', 27),
(28, 0, 'Guest', '2023-11-04 16:14:45', 'AWAL', 'STOCK AWAL', 28),
(29, 0, 'Guest', '2023-11-04 16:14:45', 'AWAL', 'STOCK AWAL', 29),
(30, 0, 'Guest', '2023-11-04 16:14:45', 'AWAL', 'STOCK AWAL', 30),
(31, 0, 'Guest', '2023-11-04 16:14:45', 'AWAL', 'STOCK AWAL', 31),
(32, 0, 'Guest', '2023-11-04 16:14:45', 'AWAL', 'STOCK AWAL', 32),
(33, 0, 'Guest', '2023-11-04 16:14:45', 'AWAL', 'STOCK AWAL', 33),
(34, 2, 'Guest', '2023-11-04 16:14:45', 'AWAL', 'STOCK AWAL', 34),
(35, 6, 'Guest', '2023-11-04 16:14:45', 'AWAL', 'STOCK AWAL', 35),
(36, 2, 'Guest', '2023-11-04 16:14:45', 'AWAL', 'STOCK AWAL', 36),
(37, 1, 'Guest', '2023-11-04 16:14:45', 'AWAL', 'STOCK AWAL', 37),
(38, 3, 'Guest', '2023-11-04 16:14:45', 'AWAL', 'STOCK AWAL', 38),
(39, 0, 'Guest', '2023-11-04 16:14:45', 'AWAL', 'STOCK AWAL', 39),
(40, 0, 'Guest', '2023-11-04 16:14:45', 'AWAL', 'STOCK AWAL', 40),
(41, 1, 'Guest', '2023-11-04 16:14:45', 'AWAL', 'STOCK AWAL', 41),
(42, 0, 'Guest', '2023-11-04 16:14:45', 'AWAL', 'STOCK AWAL', 42),
(43, 2, 'Guest', '2023-11-04 16:14:45', 'AWAL', 'STOCK AWAL', 43),
(44, 4, 'Guest', '2023-11-04 16:14:45', 'AWAL', 'STOCK AWAL', 44),
(45, 14, 'Guest', '2023-11-04 16:14:45', 'AWAL', 'STOCK AWAL', 45),
(46, 7, 'Guest', '2023-11-04 16:14:45', 'AWAL', 'STOCK AWAL', 46),
(47, 38, 'Guest', '2023-11-04 16:14:45', 'AWAL', 'STOCK AWAL', 47),
(48, 37, 'Guest', '2023-11-04 16:14:45', 'AWAL', 'STOCK AWAL', 48),
(49, 1, 'Guest', '2023-11-04 16:14:45', 'AWAL', 'STOCK AWAL', 49),
(50, 74, 'Guest', '2023-11-04 16:14:45', 'AWAL', 'STOCK AWAL', 50),
(51, 0, 'Guest', '2023-11-04 16:14:45', 'AWAL', 'STOCK AWAL', 51),
(52, 3, 'Guest', '2023-11-04 16:14:45', 'AWAL', 'STOCK AWAL', 52),
(53, 0, 'Guest', '2023-11-04 16:14:45', 'AWAL', 'STOCK AWAL', 53),
(54, 0, 'Guest', '2023-11-04 16:14:45', 'AWAL', 'STOCK AWAL', 54),
(55, 6, 'Guest', '2023-11-04 16:14:45', 'AWAL', 'STOCK AWAL', 55),
(56, 0, 'Guest', '2023-11-04 16:14:45', 'AWAL', 'STOCK AWAL', 56),
(57, 0, 'Guest', '2023-11-04 16:14:45', 'AWAL', 'STOCK AWAL', 57),
(58, 0, 'Guest', '2023-11-04 16:14:45', 'AWAL', 'STOCK AWAL', 58),
(59, 0, 'Guest', '2023-11-04 16:14:45', 'AWAL', 'STOCK AWAL', 59),
(60, 0, 'Guest', '2023-11-04 16:14:45', 'AWAL', 'STOCK AWAL', 60),
(61, 0, 'Guest', '2023-11-04 16:14:45', 'AWAL', 'STOCK AWAL', 61),
(62, 0, 'Guest', '2023-11-04 16:14:45', 'AWAL', 'STOCK AWAL', 62),
(63, 0, 'Guest', '2023-11-04 16:14:45', 'AWAL', 'STOCK AWAL', 63),
(64, 0, 'Guest', '2023-11-04 16:14:45', 'AWAL', 'STOCK AWAL', 64),
(65, 1, 'Guest', '2023-11-04 16:14:45', 'AWAL', 'STOCK AWAL', 65),
(66, 1, 'Guest', '2023-11-04 16:14:45', 'AWAL', 'STOCK AWAL', 66),
(67, 0, 'Guest', '2023-11-04 16:14:45', 'AWAL', 'STOCK AWAL', 67),
(68, 0, 'Guest', '2023-11-04 16:14:45', 'AWAL', 'STOCK AWAL', 68),
(69, 0, 'Guest', '2023-11-04 16:14:45', 'AWAL', 'STOCK AWAL', 69),
(70, 0, 'Guest', '2023-11-04 16:14:45', 'AWAL', 'STOCK AWAL', 70),
(71, 1, 'Guest', '2023-11-04 16:14:45', 'AWAL', 'STOCK AWAL', 71),
(72, 0, 'Guest', '2023-11-04 16:14:45', 'AWAL', 'STOCK AWAL', 72),
(73, 0, 'Guest', '2023-11-04 16:14:45', 'AWAL', 'STOCK AWAL', 73),
(74, 0, 'Guest', '2023-11-04 16:14:45', 'AWAL', 'STOCK AWAL', 74),
(75, 0, 'Guest', '2023-11-04 16:14:45', 'AWAL', 'STOCK AWAL', 75),
(76, 0, 'Guest', '2023-11-04 16:14:45', 'AWAL', 'STOCK AWAL', 76),
(77, 0, 'Guest', '2023-11-04 16:14:45', 'AWAL', 'STOCK AWAL', 77),
(78, 2, 'Guest', '2023-11-04 16:14:45', 'AWAL', 'STOCK AWAL', 78),
(79, 0, 'Guest', '2023-11-04 16:14:45', 'AWAL', 'STOCK AWAL', 79),
(80, 0, 'Guest', '2023-11-04 16:14:45', 'AWAL', 'STOCK AWAL', 80),
(81, 0, 'Guest', '2023-11-04 16:14:45', 'AWAL', 'STOCK AWAL', 81),
(82, 0, 'Guest', '2023-11-04 16:14:45', 'AWAL', 'STOCK AWAL', 82),
(83, 0, 'Guest', '2023-11-04 16:14:45', 'AWAL', 'STOCK AWAL', 83),
(84, 0, 'Guest', '2023-11-04 16:14:45', 'AWAL', 'STOCK AWAL', 84),
(85, 0, 'Guest', '2023-11-04 16:14:45', 'AWAL', 'STOCK AWAL', 85),
(86, 0, 'Guest', '2023-11-04 16:14:45', 'AWAL', 'STOCK AWAL', 86),
(87, 0, 'Guest', '2023-11-04 16:14:45', 'AWAL', 'STOCK AWAL', 87),
(88, 0, 'Guest', '2023-11-04 16:14:45', 'AWAL', 'STOCK AWAL', 88),
(89, 5, 'Guest', '2023-11-04 16:14:45', 'AWAL', 'STOCK AWAL', 89),
(90, 24, 'Guest', '2023-11-04 16:14:45', 'AWAL', 'STOCK AWAL', 90),
(91, 1, 'Guest', '2023-11-04 16:14:45', 'AWAL', 'STOCK AWAL', 91),
(92, 0, 'Guest', '2023-11-04 16:14:45', 'AWAL', 'STOCK AWAL', 92),
(93, 0, 'Guest', '2023-11-04 16:14:45', 'AWAL', 'STOCK AWAL', 93),
(94, 0, 'Guest', '2023-11-04 16:14:45', 'AWAL', 'STOCK AWAL', 94),
(95, 0, 'Guest', '2023-11-04 16:14:45', 'AWAL', 'STOCK AWAL', 95),
(96, 0, 'Guest', '2023-11-04 16:14:45', 'AWAL', 'STOCK AWAL', 96),
(97, 0, 'Guest', '2023-11-04 16:14:45', 'AWAL', 'STOCK AWAL', 97),
(98, 4, 'Guest', '2023-11-04 16:14:45', 'AWAL', 'STOCK AWAL', 98),
(99, 0, 'Guest', '2023-11-04 16:14:45', 'AWAL', 'STOCK AWAL', 99),
(100, 0, 'Guest', '2023-11-04 16:14:45', 'AWAL', 'STOCK AWAL', 100),
(101, 0, 'Guest', '2023-11-04 16:14:45', 'AWAL', 'STOCK AWAL', 101),
(102, 3, 'Guest', '2023-11-04 16:14:45', 'AWAL', 'STOCK AWAL', 102),
(103, 0, 'Guest', '2023-11-04 16:14:45', 'AWAL', 'STOCK AWAL', 103),
(104, 0, 'Guest', '2023-11-04 16:14:45', 'AWAL', 'STOCK AWAL', 104),
(105, 0, 'Guest', '2023-11-04 16:14:45', 'AWAL', 'STOCK AWAL', 105),
(106, 0, 'Guest', '2023-11-04 16:14:45', 'AWAL', 'STOCK AWAL', 106),
(107, 0, 'Guest', '2023-11-04 16:14:45', 'AWAL', 'STOCK AWAL', 107),
(108, 7, 'Guest', '2023-11-04 16:14:45', 'AWAL', 'STOCK AWAL', 108),
(109, 0, 'Guest', '2023-11-04 16:14:45', 'AWAL', 'STOCK AWAL', 109),
(110, 8, 'Guest', '2023-11-04 16:14:45', 'AWAL', 'STOCK AWAL', 110),
(111, 0, 'Guest', '2023-11-04 16:14:45', 'AWAL', 'STOCK AWAL', 111),
(112, 0, 'Guest', '2023-11-04 16:14:45', 'AWAL', 'STOCK AWAL', 112),
(113, 6, 'Guest', '2023-11-04 16:14:45', 'AWAL', 'STOCK AWAL', 113),
(114, 0, 'Guest', '2023-11-04 16:14:45', 'AWAL', 'STOCK AWAL', 114),
(115, 1, 'Guest', '2023-11-04 16:14:45', 'AWAL', 'STOCK AWAL', 115),
(116, 1, 'Guest', '2023-11-04 16:14:45', 'AWAL', 'STOCK AWAL', 116),
(117, 3, 'Guest', '2023-11-04 16:14:45', 'AWAL', 'STOCK AWAL', 117),
(118, 2, 'Guest', '2023-11-04 16:14:45', 'AWAL', 'STOCK AWAL', 118),
(119, 0, 'Guest', '2023-11-04 16:14:45', 'AWAL', 'STOCK AWAL', 119),
(120, 0, 'Guest', '2023-11-04 16:14:45', 'AWAL', 'STOCK AWAL', 120),
(121, 0, 'Guest', '2023-11-04 16:14:45', 'AWAL', 'STOCK AWAL', 121),
(122, 0, 'Guest', '2023-11-04 16:14:45', 'AWAL', 'STOCK AWAL', 122),
(123, 0, 'Guest', '2023-11-04 16:14:45', 'AWAL', 'STOCK AWAL', 123),
(124, 1, 'Guest', '2023-11-04 16:14:45', 'AWAL', 'STOCK AWAL', 124),
(125, 1, 'Guest', '2023-11-04 16:14:45', 'AWAL', 'STOCK AWAL', 125),
(126, 6, 'Guest', '2023-11-04 16:14:45', 'AWAL', 'STOCK AWAL', 126),
(127, 0, 'Guest', '2023-11-04 16:14:45', 'AWAL', 'STOCK AWAL', 127),
(128, 0, 'Guest', '2023-11-04 16:14:45', 'AWAL', 'STOCK AWAL', 128),
(129, 0, 'Guest', '2023-11-04 16:14:45', 'AWAL', 'STOCK AWAL', 129),
(130, 2, 'Guest', '2023-11-04 16:14:45', 'AWAL', 'STOCK AWAL', 130),
(131, 2, 'Guest', '2023-11-04 16:14:45', 'AWAL', 'STOCK AWAL', 131),
(132, 0, 'Guest', '2023-11-04 16:14:45', 'AWAL', 'STOCK AWAL', 132),
(133, 10, 'Guest', '2023-11-04 16:14:45', 'AWAL', 'STOCK AWAL', 133),
(134, 1, 'Guest', '2023-11-04 16:14:45', 'AWAL', 'STOCK AWAL', 134),
(135, 10, 'Guest', '2023-11-04 16:14:45', 'AWAL', 'STOCK AWAL', 135),
(136, 0, 'Guest', '2023-11-04 16:14:45', 'AWAL', 'STOCK AWAL', 136),
(137, 1, 'Guest', '2023-11-04 16:14:45', 'AWAL', 'STOCK AWAL', 137),
(138, 0, 'Guest', '2023-11-04 16:14:45', 'AWAL', 'STOCK AWAL', 138),
(139, 0, 'Guest', '2023-11-04 16:14:45', 'AWAL', 'STOCK AWAL', 139),
(140, 0, 'Guest', '2023-11-04 16:14:45', 'AWAL', 'STOCK AWAL', 140),
(141, 0, 'Guest', '2023-11-04 16:14:45', 'AWAL', 'STOCK AWAL', 141),
(142, 0, 'Guest', '2023-11-04 16:14:45', 'AWAL', 'STOCK AWAL', 142),
(143, 8, 'Guest', '2023-11-04 16:14:45', 'AWAL', 'STOCK AWAL', 143),
(144, 3, 'Guest', '2023-11-04 16:14:45', 'AWAL', 'STOCK AWAL', 144),
(145, 4, 'Guest', '2023-11-04 16:14:45', 'AWAL', 'STOCK AWAL', 145),
(146, 0, 'Guest', '2023-11-04 16:14:45', 'AWAL', 'STOCK AWAL', 146),
(147, 0, 'Guest', '2023-11-04 16:14:45', 'AWAL', 'STOCK AWAL', 147),
(148, 4, 'Guest', '2023-11-04 16:14:45', 'AWAL', 'STOCK AWAL', 148),
(149, 0, 'Guest', '2023-11-04 16:14:45', 'AWAL', 'STOCK AWAL', 149),
(150, 0, 'Guest', '2023-11-04 16:14:45', 'AWAL', 'STOCK AWAL', 150),
(151, 0, 'Guest', '2023-11-04 16:14:45', 'AWAL', 'STOCK AWAL', 151),
(152, 0, 'Guest', '2023-11-04 16:14:45', 'AWAL', 'STOCK AWAL', 152),
(153, 3, 'Guest', '2023-11-04 16:14:45', 'AWAL', 'STOCK AWAL', 153),
(154, 26, 'Guest', '2023-11-04 16:14:45', 'AWAL', 'STOCK AWAL', 154),
(155, 17, 'Guest', '2023-11-04 16:14:45', 'AWAL', 'STOCK AWAL', 155),
(156, 14, 'Guest', '2023-11-04 16:14:45', 'AWAL', 'STOCK AWAL', 156),
(157, 6, 'Guest', '2023-11-04 16:14:45', 'AWAL', 'STOCK AWAL', 157),
(158, 4, 'Guest', '2023-11-04 16:14:45', 'AWAL', 'STOCK AWAL', 158),
(159, 0, 'Guest', '2023-11-04 16:14:45', 'AWAL', 'STOCK AWAL', 159),
(160, 0, 'Guest', '2023-11-04 16:14:45', 'AWAL', 'STOCK AWAL', 160),
(161, 0, 'Guest', '2023-11-04 16:14:45', 'AWAL', 'STOCK AWAL', 161),
(162, 0, 'Guest', '2023-11-04 16:14:45', 'AWAL', 'STOCK AWAL', 162),
(163, 0, 'Guest', '2023-11-04 16:14:45', 'AWAL', 'STOCK AWAL', 163),
(164, 0, 'Guest', '2023-11-04 16:14:45', 'AWAL', 'STOCK AWAL', 164),
(165, 131, 'Guest', '2023-11-04 16:14:45', 'AWAL', 'STOCK AWAL', 165),
(166, 3, 'Guest', '2023-11-04 16:14:45', 'AWAL', 'STOCK AWAL', 166),
(167, 1, 'Guest', '2023-11-04 16:14:45', 'AWAL', 'STOCK AWAL', 167),
(168, 0, 'Guest', '2023-11-04 16:14:45', 'AWAL', 'STOCK AWAL', 168),
(169, 0, 'Guest', '2023-11-04 16:14:45', 'AWAL', 'STOCK AWAL', 169),
(170, 0, 'Guest', '2023-11-04 16:14:45', 'AWAL', 'STOCK AWAL', 170),
(171, 0, 'Guest', '2023-11-04 16:14:45', 'AWAL', 'STOCK AWAL', 171),
(172, 0, 'Guest', '2023-11-04 16:14:45', 'AWAL', 'STOCK AWAL', 172),
(173, 2, 'Guest', '2023-11-04 16:14:45', 'AWAL', 'STOCK AWAL', 173),
(174, 0, 'Guest', '2023-11-04 16:14:45', 'AWAL', 'STOCK AWAL', 174),
(175, 0, 'Guest', '2023-11-04 16:14:45', 'AWAL', 'STOCK AWAL', 175),
(176, 0, 'Guest', '2023-11-04 16:14:45', 'AWAL', 'STOCK AWAL', 176),
(177, 0, 'Guest', '2023-11-04 16:14:45', 'AWAL', 'STOCK AWAL', 177),
(178, 1, 'Guest', '2023-11-04 16:14:45', 'AWAL', 'STOCK AWAL', 178),
(179, 0, 'Guest', '2023-11-04 16:14:45', 'AWAL', 'STOCK AWAL', 179),
(180, 6, 'Guest', '2023-11-04 16:14:45', 'AWAL', 'STOCK AWAL', 180),
(181, 1, 'Guest', '2023-11-04 16:14:45', 'AWAL', 'STOCK AWAL', 181),
(182, 0, 'Guest', '2023-11-04 16:14:45', 'AWAL', 'STOCK AWAL', 182),
(183, 0, 'Guest', '2023-11-04 16:14:45', 'AWAL', 'STOCK AWAL', 183),
(184, 0, 'Guest', '2023-11-04 16:14:45', 'AWAL', 'STOCK AWAL', 184),
(185, 0, 'Guest', '2023-11-04 16:14:45', 'AWAL', 'STOCK AWAL', 185),
(186, 0, 'Guest', '2023-11-04 16:14:45', 'AWAL', 'STOCK AWAL', 186),
(187, 0, 'Guest', '2023-11-04 16:14:45', 'AWAL', 'STOCK AWAL', 187),
(188, 0, 'Guest', '2023-11-04 16:14:45', 'AWAL', 'STOCK AWAL', 188),
(189, 0, 'Guest', '2023-11-04 16:14:45', 'AWAL', 'STOCK AWAL', 189),
(190, 0, 'Guest', '2023-11-04 16:14:45', 'AWAL', 'STOCK AWAL', 190),
(191, 0, 'Guest', '2023-11-04 16:14:45', 'AWAL', 'STOCK AWAL', 191),
(192, 1, 'Guest', '2023-11-04 16:14:45', 'AWAL', 'STOCK AWAL', 192),
(193, 0, 'Guest', '2023-11-04 16:14:45', 'AWAL', 'STOCK AWAL', 193),
(194, 0, 'Guest', '2023-11-04 16:14:45', 'AWAL', 'STOCK AWAL', 194),
(195, 0, 'Guest', '2023-11-04 16:14:45', 'AWAL', 'STOCK AWAL', 195),
(196, 0, 'Guest', '2023-11-04 16:14:45', 'AWAL', 'STOCK AWAL', 196),
(197, 0, 'Guest', '2023-11-04 16:14:45', 'AWAL', 'STOCK AWAL', 197),
(198, 0, 'Guest', '2023-11-04 16:14:45', 'AWAL', 'STOCK AWAL', 198),
(199, 0, 'Guest', '2023-11-04 16:14:45', 'AWAL', 'STOCK AWAL', 199),
(200, 0, 'Guest', '2023-11-04 16:14:45', 'AWAL', 'STOCK AWAL', 200),
(201, 0, 'Guest', '2023-11-04 16:14:45', 'AWAL', 'STOCK AWAL', 201),
(202, 0, 'Guest', '2023-11-04 16:14:45', 'AWAL', 'STOCK AWAL', 202),
(203, 0, 'Guest', '2023-11-04 16:14:45', 'AWAL', 'STOCK AWAL', 203),
(204, 3, 'Guest', '2023-11-04 16:14:45', 'AWAL', 'STOCK AWAL', 204),
(205, 1, 'Guest', '2023-11-04 16:14:45', 'AWAL', 'STOCK AWAL', 205),
(206, 0, 'Guest', '2023-11-04 16:14:45', 'AWAL', 'STOCK AWAL', 206),
(207, 0, 'Guest', '2023-11-04 16:14:45', 'AWAL', 'STOCK AWAL', 207),
(208, 5, 'Guest', '2023-11-04 16:14:45', 'AWAL', 'STOCK AWAL', 208),
(209, 0, 'Guest', '2023-11-04 16:14:45', 'AWAL', 'STOCK AWAL', 209),
(210, 0, 'Guest', '2023-11-04 16:14:45', 'AWAL', 'STOCK AWAL', 210),
(211, 0, 'Guest', '2023-11-04 16:14:45', 'AWAL', 'STOCK AWAL', 211),
(212, 9, 'Guest', '2023-11-04 16:14:45', 'AWAL', 'STOCK AWAL', 212),
(213, 0, 'Guest', '2023-11-04 16:14:45', 'AWAL', 'STOCK AWAL', 213),
(214, 1, 'Guest', '2023-11-04 16:14:45', 'AWAL', 'STOCK AWAL', 214),
(215, 0, 'Guest', '2023-11-04 16:14:45', 'AWAL', 'STOCK AWAL', 215),
(216, 1, 'Guest', '2023-11-04 16:14:45', 'AWAL', 'STOCK AWAL', 216),
(217, 0, 'Guest', '2023-11-04 16:14:45', 'AWAL', 'STOCK AWAL', 217),
(218, 0, 'Guest', '2023-11-04 16:14:45', 'AWAL', 'STOCK AWAL', 218),
(219, 0, 'Guest', '2023-11-04 16:14:45', 'AWAL', 'STOCK AWAL', 219),
(220, 0, 'Guest', '2023-11-04 16:14:45', 'AWAL', 'STOCK AWAL', 220),
(221, 0, 'Guest', '2023-11-04 16:14:45', 'AWAL', 'STOCK AWAL', 221),
(222, 0, 'Guest', '2023-11-04 16:14:45', 'AWAL', 'STOCK AWAL', 222),
(223, 0, 'Guest', '2023-11-04 16:14:45', 'AWAL', 'STOCK AWAL', 223),
(224, 1, 'Guest', '2023-11-04 16:14:45', 'AWAL', 'STOCK AWAL', 224),
(225, 0, 'Guest', '2023-11-04 16:14:45', 'AWAL', 'STOCK AWAL', 225),
(226, 0, 'Guest', '2023-11-04 16:14:45', 'AWAL', 'STOCK AWAL', 226),
(227, 5, 'Guest', '2023-11-04 16:14:45', 'AWAL', 'STOCK AWAL', 227),
(228, 12, 'Guest', '2023-11-04 16:14:45', 'AWAL', 'STOCK AWAL', 228),
(229, 0, 'Guest', '2023-11-04 16:14:45', 'AWAL', 'STOCK AWAL', 229),
(230, 0, 'Guest', '2023-11-04 16:14:45', 'AWAL', 'STOCK AWAL', 230),
(231, 0, 'Guest', '2023-11-04 16:14:45', 'AWAL', 'STOCK AWAL', 231),
(232, 0, 'Guest', '2023-11-04 16:14:45', 'AWAL', 'STOCK AWAL', 232),
(233, 0, 'Guest', '2023-11-04 16:14:45', 'AWAL', 'STOCK AWAL', 233),
(234, 0, 'Guest', '2023-11-04 16:14:45', 'AWAL', 'STOCK AWAL', 234),
(235, 1, 'Guest', '2023-11-04 16:14:45', 'AWAL', 'STOCK AWAL', 235),
(236, 0, 'Guest', '2023-11-04 16:14:45', 'AWAL', 'STOCK AWAL', 236),
(237, 0, 'Guest', '2023-11-04 16:14:45', 'AWAL', 'STOCK AWAL', 237),
(238, 0, 'Guest', '2023-11-04 16:14:45', 'AWAL', 'STOCK AWAL', 238),
(239, 0, 'Guest', '2023-11-04 16:14:45', 'AWAL', 'STOCK AWAL', 239),
(240, 0, 'Guest', '2023-11-04 16:14:45', 'AWAL', 'STOCK AWAL', 240),
(241, 0, 'Guest', '2023-11-04 16:14:45', 'AWAL', 'STOCK AWAL', 241),
(242, 0, 'Guest', '2023-11-04 16:14:45', 'AWAL', 'STOCK AWAL', 242),
(243, 0, 'Guest', '2023-11-04 16:14:45', 'AWAL', 'STOCK AWAL', 243),
(244, 0, 'Guest', '2023-11-04 16:14:45', 'AWAL', 'STOCK AWAL', 244),
(245, 0, 'Guest', '2023-11-04 16:14:45', 'AWAL', 'STOCK AWAL', 245),
(246, 0, 'Guest', '2023-11-04 16:14:45', 'AWAL', 'STOCK AWAL', 246),
(247, 0, 'Guest', '2023-11-04 16:14:45', 'AWAL', 'STOCK AWAL', 247),
(248, 53, 'Guest', '2023-11-04 16:14:45', 'AWAL', 'STOCK AWAL', 248),
(249, 28, 'Guest', '2023-11-04 16:14:45', 'AWAL', 'STOCK AWAL', 249),
(250, 0, 'Guest', '2023-11-04 16:14:45', 'AWAL', 'STOCK AWAL', 250),
(251, 2, 'Guest', '2023-11-04 16:14:45', 'AWAL', 'STOCK AWAL', 251),
(252, 5, 'Guest', '2023-11-04 16:14:45', 'AWAL', 'STOCK AWAL', 252),
(253, 20, 'Guest', '2023-11-04 16:14:45', 'AWAL', 'STOCK AWAL', 253),
(254, 20, 'Guest', '2023-11-04 16:14:45', 'AWAL', 'STOCK AWAL', 254),
(255, 20, 'Guest', '2023-11-04 16:14:45', 'AWAL', 'STOCK AWAL', 255),
(256, 2, 'Guest', '2023-11-04 16:14:45', 'AWAL', 'STOCK AWAL', 256),
(257, 32, 'Guest', '2023-11-04 16:14:45', 'AWAL', 'STOCK AWAL', 257),
(258, 20, 'Guest', '2023-11-04 16:14:45', 'AWAL', 'STOCK AWAL', 258),
(259, 20, 'Guest', '2023-11-04 16:14:45', 'AWAL', 'STOCK AWAL', 259),
(260, 2, 'Guest', '2023-11-04 16:14:45', 'AWAL', 'STOCK AWAL', 260),
(261, 7, 'Guest', '2023-11-04 16:14:45', 'AWAL', 'STOCK AWAL', 261),
(262, 7, 'Guest', '2023-11-04 16:14:45', 'AWAL', 'STOCK AWAL', 262),
(263, 9, 'Guest', '2023-11-04 16:14:45', 'AWAL', 'STOCK AWAL', 263),
(264, 25, 'Guest', '2023-11-04 16:14:45', 'AWAL', 'STOCK AWAL', 264),
(265, 26, 'Guest', '2023-11-04 16:14:45', 'AWAL', 'STOCK AWAL', 265),
(266, 1, 'Guest', '2023-11-04 16:14:45', 'AWAL', 'STOCK AWAL', 266),
(267, 1, 'Guest', '2023-11-04 16:14:45', 'AWAL', 'STOCK AWAL', 267),
(268, 1, 'Guest', '2023-11-04 16:14:45', 'AWAL', 'STOCK AWAL', 268),
(269, 1, 'Guest', '2023-11-04 16:14:45', 'AWAL', 'STOCK AWAL', 269),
(270, 2, 'Guest', '2023-11-04 16:14:45', 'AWAL', 'STOCK AWAL', 270),
(271, 1, 'Guest', '2023-11-04 16:14:45', 'AWAL', 'STOCK AWAL', 271),
(272, 0, 'Guest', '2023-11-04 16:14:45', 'AWAL', 'STOCK AWAL', 272),
(273, 0, 'Guest', '2023-11-04 16:14:45', 'AWAL', 'STOCK AWAL', 273),
(274, 0, 'Guest', '2023-11-04 16:14:45', 'AWAL', 'STOCK AWAL', 274),
(275, 1, 'Guest', '2023-11-04 16:14:45', 'AWAL', 'STOCK AWAL', 275),
(276, 0, 'Guest', '2023-11-04 16:14:45', 'AWAL', 'STOCK AWAL', 276),
(277, 0, 'Guest', '2023-11-04 16:14:45', 'AWAL', 'STOCK AWAL', 277),
(278, 1, 'Guest', '2023-11-04 16:14:45', 'AWAL', 'STOCK AWAL', 278),
(279, 1, 'Guest', '2023-11-04 16:14:45', 'AWAL', 'STOCK AWAL', 279),
(280, 0, 'Guest', '2023-11-04 16:14:45', 'AWAL', 'STOCK AWAL', 280),
(281, 1, 'Guest', '2023-11-04 16:14:45', 'AWAL', 'STOCK AWAL', 281),
(282, 3, 'Guest', '2023-11-04 16:14:45', 'AWAL', 'STOCK AWAL', 282),
(283, 1, 'Guest', '2023-11-04 16:14:45', 'AWAL', 'STOCK AWAL', 283),
(284, 0, 'Guest', '2023-11-04 16:14:45', 'AWAL', 'STOCK AWAL', 284),
(285, 19, 'Guest', '2023-11-04 16:14:45', 'AWAL', 'STOCK AWAL', 285),
(286, 2, 'Guest', '2023-11-04 16:14:45', 'AWAL', 'STOCK AWAL', 286),
(287, 0, 'Guest', '2023-11-04 16:14:45', 'AWAL', 'STOCK AWAL', 287),
(288, 0, 'Guest', '2023-11-04 16:14:45', 'AWAL', 'STOCK AWAL', 288),
(289, 0, 'Guest', '2023-11-04 16:14:45', 'AWAL', 'STOCK AWAL', 289),
(290, 39, 'Guest', '2023-11-04 16:14:45', 'AWAL', 'STOCK AWAL', 290),
(291, 36, 'Guest', '2023-11-04 16:14:45', 'AWAL', 'STOCK AWAL', 291),
(292, 0, 'Guest', '2023-11-04 16:14:45', 'AWAL', 'STOCK AWAL', 292),
(293, 0, 'Guest', '2023-11-04 16:14:45', 'AWAL', 'STOCK AWAL', 293),
(294, 0, 'Guest', '2023-11-04 16:14:45', 'AWAL', 'STOCK AWAL', 294),
(295, 1, 'Guest', '2023-11-04 16:14:45', 'AWAL', 'STOCK AWAL', 295),
(296, 2, 'Guest', '2023-11-04 16:14:45', 'AWAL', 'STOCK AWAL', 296),
(297, 0, 'Guest', '2023-11-04 16:14:45', 'AWAL', 'STOCK AWAL', 297),
(298, 0, 'Guest', '2023-11-04 16:14:45', 'AWAL', 'STOCK AWAL', 298),
(299, 0, 'Guest', '2023-11-04 16:14:45', 'AWAL', 'STOCK AWAL', 299),
(300, 0, 'Guest', '2023-11-04 16:14:45', 'AWAL', 'STOCK AWAL', 300),
(301, 0, 'Guest', '2023-11-04 16:14:45', 'AWAL', 'STOCK AWAL', 301),
(302, 0, 'Guest', '2023-11-04 16:14:45', 'AWAL', 'STOCK AWAL', 302),
(303, 0, 'Guest', '2023-11-04 16:14:45', 'AWAL', 'STOCK AWAL', 303),
(304, 0, 'Guest', '2023-11-04 16:14:45', 'AWAL', 'STOCK AWAL', 304),
(305, 0, 'Guest', '2023-11-04 16:14:45', 'AWAL', 'STOCK AWAL', 305),
(306, 0, 'Guest', '2023-11-04 16:14:45', 'AWAL', 'STOCK AWAL', 306),
(307, 0, 'Guest', '2023-11-04 16:14:45', 'AWAL', 'STOCK AWAL', 307),
(308, 0, 'Guest', '2023-11-04 16:14:45', 'AWAL', 'STOCK AWAL', 308),
(309, 0, 'Guest', '2023-11-04 16:14:45', 'AWAL', 'STOCK AWAL', 309),
(310, 0, 'Guest', '2023-11-04 16:14:45', 'AWAL', 'STOCK AWAL', 310),
(311, 0, 'Guest', '2023-11-04 16:14:45', 'AWAL', 'STOCK AWAL', 311),
(312, 5, 'Guest', '2023-11-04 16:14:45', 'AWAL', 'STOCK AWAL', 312),
(313, 1, 'Guest', '2023-11-04 16:14:45', 'AWAL', 'STOCK AWAL', 313),
(314, 0, 'Guest', '2023-11-04 16:14:45', 'AWAL', 'STOCK AWAL', 314),
(315, 0, 'Guest', '2023-11-04 16:14:45', 'AWAL', 'STOCK AWAL', 315),
(316, 0, 'Guest', '2023-11-04 16:14:45', 'AWAL', 'STOCK AWAL', 316),
(317, 0, 'Guest', '2023-11-04 16:14:45', 'AWAL', 'STOCK AWAL', 317),
(318, 0, 'Guest', '2023-11-04 16:14:45', 'AWAL', 'STOCK AWAL', 318),
(319, 0, 'Guest', '2023-11-04 16:14:45', 'AWAL', 'STOCK AWAL', 319),
(320, 0, 'Guest', '2023-11-04 16:14:45', 'AWAL', 'STOCK AWAL', 320),
(321, 0, 'Guest', '2023-11-04 16:14:45', 'AWAL', 'STOCK AWAL', 321),
(322, 0, 'Guest', '2023-11-04 16:14:45', 'AWAL', 'STOCK AWAL', 322),
(323, 0, 'Guest', '2023-11-04 16:14:45', 'AWAL', 'STOCK AWAL', 323),
(324, 0, 'Guest', '2023-11-04 16:14:45', 'AWAL', 'STOCK AWAL', 324),
(325, 0, 'Guest', '2023-11-04 16:14:45', 'AWAL', 'STOCK AWAL', 325),
(326, 0, 'Guest', '2023-11-04 16:14:45', 'AWAL', 'STOCK AWAL', 326),
(327, 0, 'Guest', '2023-11-04 16:14:45', 'AWAL', 'STOCK AWAL', 327),
(328, 0, 'Guest', '2023-11-04 16:14:45', 'AWAL', 'STOCK AWAL', 328),
(329, 0, 'Guest', '2023-11-04 16:14:45', 'AWAL', 'STOCK AWAL', 329),
(330, 3, 'Guest', '2023-11-04 16:14:45', 'AWAL', 'STOCK AWAL', 330),
(331, 2, 'Guest', '2023-11-04 16:14:45', 'AWAL', 'STOCK AWAL', 331),
(332, 6, 'Guest', '2023-11-04 16:14:45', 'AWAL', 'STOCK AWAL', 332),
(333, 1, 'Guest', '2023-11-04 16:14:45', 'AWAL', 'STOCK AWAL', 333),
(334, 2, 'Guest', '2023-11-04 16:14:45', 'AWAL', 'STOCK AWAL', 334),
(335, 4, 'Guest', '2023-11-04 16:14:45', 'AWAL', 'STOCK AWAL', 335),
(336, 2, 'Guest', '2023-11-04 16:14:45', 'AWAL', 'STOCK AWAL', 336),
(337, 7, 'Guest', '2023-11-04 16:14:45', 'AWAL', 'STOCK AWAL', 337),
(338, 6, 'Guest', '2023-11-04 16:14:45', 'AWAL', 'STOCK AWAL', 338),
(339, 54, 'Guest', '2023-11-04 16:14:45', 'AWAL', 'STOCK AWAL', 339),
(340, 0, 'Guest', '2023-11-04 16:14:45', 'AWAL', 'STOCK AWAL', 340),
(341, 10, 'Guest', '2023-11-04 16:14:45', 'AWAL', 'STOCK AWAL', 341),
(342, 0, 'Guest', '2023-11-04 16:14:45', 'AWAL', 'STOCK AWAL', 342),
(343, 0, 'Guest', '2023-11-04 16:14:45', 'AWAL', 'STOCK AWAL', 343),
(344, 5, 'Guest', '2023-11-04 16:14:45', 'AWAL', 'STOCK AWAL', 344),
(345, 5, 'Guest', '2023-11-04 16:14:45', 'AWAL', 'STOCK AWAL', 345),
(346, 0, 'Guest', '2023-11-04 16:14:45', 'AWAL', 'STOCK AWAL', 346),
(347, 0, 'Guest', '2023-11-04 16:14:45', 'AWAL', 'STOCK AWAL', 347),
(348, 0, 'Guest', '2023-11-04 16:14:45', 'AWAL', 'STOCK AWAL', 348),
(349, 0, 'Guest', '2023-11-04 16:14:45', 'AWAL', 'STOCK AWAL', 349),
(350, 0, 'Guest', '2023-11-04 16:14:45', 'AWAL', 'STOCK AWAL', 350),
(351, 0, 'Guest', '2023-11-04 16:14:45', 'AWAL', 'STOCK AWAL', 351),
(352, 0, 'Guest', '2023-11-04 16:14:45', 'AWAL', 'STOCK AWAL', 352),
(353, 0, 'Guest', '2023-11-04 16:14:45', 'AWAL', 'STOCK AWAL', 353),
(354, 0, 'Guest', '2023-11-04 16:14:45', 'AWAL', 'STOCK AWAL', 354),
(355, 0, 'Guest', '2023-11-04 16:14:45', 'AWAL', 'STOCK AWAL', 355),
(356, 0, 'Guest', '2023-11-04 16:14:45', 'AWAL', 'STOCK AWAL', 356),
(357, 0, 'Guest', '2023-11-04 16:14:45', 'AWAL', 'STOCK AWAL', 357),
(358, 0, 'Guest', '2023-11-04 16:14:45', 'AWAL', 'STOCK AWAL', 358),
(359, 0, 'Guest', '2023-11-04 16:14:45', 'AWAL', 'STOCK AWAL', 359),
(360, 0, 'Guest', '2023-11-04 16:14:45', 'AWAL', 'STOCK AWAL', 360),
(361, 1, 'Guest', '2023-11-04 16:14:45', 'AWAL', 'STOCK AWAL', 361),
(362, 0, 'Guest', '2023-11-04 16:14:45', 'AWAL', 'STOCK AWAL', 362),
(363, 0, 'Guest', '2023-11-04 16:14:45', 'AWAL', 'STOCK AWAL', 363),
(364, 0, 'Guest', '2023-11-04 16:14:45', 'AWAL', 'STOCK AWAL', 364),
(365, 0, 'Guest', '2023-11-04 16:14:45', 'AWAL', 'STOCK AWAL', 365),
(366, 0, 'Guest', '2023-11-04 16:14:45', 'AWAL', 'STOCK AWAL', 366),
(367, 0, 'Guest', '2023-11-04 16:14:45', 'AWAL', 'STOCK AWAL', 367),
(368, 0, 'Guest', '2023-11-04 16:14:45', 'AWAL', 'STOCK AWAL', 368),
(369, 12, 'Guest', '2023-11-04 16:14:45', 'AWAL', 'STOCK AWAL', 369),
(370, 0, 'Guest', '2023-11-04 16:14:45', 'AWAL', 'STOCK AWAL', 370),
(371, 4, 'Guest', '2023-11-04 16:14:45', 'AWAL', 'STOCK AWAL', 371),
(372, 5, 'Guest', '2023-11-04 16:14:45', 'AWAL', 'STOCK AWAL', 372),
(373, 6, 'Guest', '2023-11-04 16:14:45', 'AWAL', 'STOCK AWAL', 373),
(374, 2, 'Guest', '2023-11-04 16:14:45', 'AWAL', 'STOCK AWAL', 374),
(375, 3, 'Guest', '2023-11-04 16:14:45', 'AWAL', 'STOCK AWAL', 375),
(376, 5, 'Guest', '2023-11-04 16:14:45', 'AWAL', 'STOCK AWAL', 376),
(377, 1, 'Guest', '2023-11-04 16:14:45', 'AWAL', 'STOCK AWAL', 377),
(378, 0, 'Guest', '2023-11-04 16:14:45', 'AWAL', 'STOCK AWAL', 378),
(379, 0, 'Guest', '2023-11-04 16:14:45', 'AWAL', 'STOCK AWAL', 379),
(380, 0, 'Guest', '2023-11-04 16:14:45', 'AWAL', 'STOCK AWAL', 380),
(381, 6, 'Guest', '2023-11-04 16:14:45', 'AWAL', 'STOCK AWAL', 381),
(382, 0, 'Guest', '2023-11-04 16:14:45', 'AWAL', 'STOCK AWAL', 382),
(383, 0, 'Guest', '2023-11-04 16:14:45', 'AWAL', 'STOCK AWAL', 383),
(384, 0, 'Guest', '2023-11-04 16:14:45', 'AWAL', 'STOCK AWAL', 384),
(385, 0, 'Guest', '2023-11-04 16:14:45', 'AWAL', 'STOCK AWAL', 385),
(386, 0, 'Guest', '2023-11-04 16:14:45', 'AWAL', 'STOCK AWAL', 386),
(387, 0, 'Guest', '2023-11-04 16:14:45', 'AWAL', 'STOCK AWAL', 387),
(388, 0, 'Guest', '2023-11-04 16:14:45', 'AWAL', 'STOCK AWAL', 388),
(389, 0, 'Guest', '2023-11-04 16:14:45', 'AWAL', 'STOCK AWAL', 389),
(390, 0, 'Guest', '2023-11-04 16:14:45', 'AWAL', 'STOCK AWAL', 390),
(391, 0, 'Guest', '2023-11-04 16:14:45', 'AWAL', 'STOCK AWAL', 391),
(392, 0, 'Guest', '2023-11-04 16:14:45', 'AWAL', 'STOCK AWAL', 392),
(393, 0, 'Guest', '2023-11-04 16:14:45', 'AWAL', 'STOCK AWAL', 393),
(394, 0, 'Guest', '2023-11-04 16:14:45', 'AWAL', 'STOCK AWAL', 394),
(395, 0, 'Guest', '2023-11-04 16:14:45', 'AWAL', 'STOCK AWAL', 395),
(396, 0, 'Guest', '2023-11-04 16:14:45', 'AWAL', 'STOCK AWAL', 396),
(397, 0, 'Guest', '2023-11-04 16:14:45', 'AWAL', 'STOCK AWAL', 397),
(398, 0, 'Guest', '2023-11-04 16:14:45', 'AWAL', 'STOCK AWAL', 398),
(399, 0, 'Guest', '2023-11-04 16:14:45', 'AWAL', 'STOCK AWAL', 399),
(400, 0, 'Guest', '2023-11-04 16:14:45', 'AWAL', 'STOCK AWAL', 400),
(401, 0, 'Guest', '2023-11-04 16:14:45', 'AWAL', 'STOCK AWAL', 401),
(402, 3, 'Guest', '2023-11-04 16:14:45', 'AWAL', 'STOCK AWAL', 402),
(403, 0, 'Guest', '2023-11-04 16:14:45', 'AWAL', 'STOCK AWAL', 403),
(404, 0, 'Guest', '2023-11-04 16:14:45', 'AWAL', 'STOCK AWAL', 404),
(405, 0, 'Guest', '2023-11-04 16:14:45', 'AWAL', 'STOCK AWAL', 405),
(406, 0, 'Guest', '2023-11-04 16:14:45', 'AWAL', 'STOCK AWAL', 406),
(407, 0, 'Guest', '2023-11-04 16:14:45', 'AWAL', 'STOCK AWAL', 407),
(408, 0, 'Guest', '2023-11-04 16:14:45', 'AWAL', 'STOCK AWAL', 408),
(409, 1, 'Guest', '2023-11-04 16:14:45', 'AWAL', 'STOCK AWAL', 409),
(410, 0, 'Guest', '2023-11-04 16:14:45', 'AWAL', 'STOCK AWAL', 410),
(411, 0, 'Guest', '2023-11-04 16:14:45', 'AWAL', 'STOCK AWAL', 411),
(412, 0, 'Guest', '2023-11-04 16:14:45', 'AWAL', 'STOCK AWAL', 412),
(413, 0, 'Guest', '2023-11-04 16:14:45', 'AWAL', 'STOCK AWAL', 413),
(414, 0, 'Guest', '2023-11-04 16:14:45', 'AWAL', 'STOCK AWAL', 414),
(415, 0, 'Guest', '2023-11-04 16:14:45', 'AWAL', 'STOCK AWAL', 415),
(416, 0, 'Guest', '2023-11-04 16:14:45', 'AWAL', 'STOCK AWAL', 416),
(417, 0, 'Guest', '2023-11-04 16:14:45', 'AWAL', 'STOCK AWAL', 417),
(418, 0, 'Guest', '2023-11-04 16:14:45', 'AWAL', 'STOCK AWAL', 418),
(419, 0, 'Guest', '2023-11-04 16:14:45', 'AWAL', 'STOCK AWAL', 419),
(420, 0, 'Guest', '2023-11-04 16:14:45', 'AWAL', 'STOCK AWAL', 420),
(421, 0, 'Guest', '2023-11-04 16:14:45', 'AWAL', 'STOCK AWAL', 421),
(422, 0, 'Guest', '2023-11-04 16:14:45', 'AWAL', 'STOCK AWAL', 422),
(423, 0, 'Guest', '2023-11-04 16:14:45', 'AWAL', 'STOCK AWAL', 423),
(424, 0, 'Guest', '2023-11-04 16:14:45', 'AWAL', 'STOCK AWAL', 424),
(425, 0, 'Guest', '2023-11-04 16:14:45', 'AWAL', 'STOCK AWAL', 425),
(426, 0, 'Guest', '2023-11-04 16:14:45', 'AWAL', 'STOCK AWAL', 426),
(427, 0, 'Guest', '2023-11-04 16:14:45', 'AWAL', 'STOCK AWAL', 427),
(428, 4, 'Guest', '2023-11-04 16:14:45', 'AWAL', 'STOCK AWAL', 428),
(429, 0, 'Guest', '2023-11-04 16:14:45', 'AWAL', 'STOCK AWAL', 429),
(430, 0, 'Guest', '2023-11-04 16:14:45', 'AWAL', 'STOCK AWAL', 430),
(431, 0, 'Guest', '2023-11-04 16:14:45', 'AWAL', 'STOCK AWAL', 431),
(432, 0, 'Guest', '2023-11-04 16:14:45', 'AWAL', 'STOCK AWAL', 432),
(433, 1, 'Guest', '2023-11-04 16:14:45', 'AWAL', 'STOCK AWAL', 433),
(434, 0, 'Guest', '2023-11-04 16:14:45', 'AWAL', 'STOCK AWAL', 434),
(435, 0, 'Guest', '2023-11-04 16:14:45', 'AWAL', 'STOCK AWAL', 435),
(436, 0, 'Guest', '2023-11-04 16:14:45', 'AWAL', 'STOCK AWAL', 436),
(437, 0, 'Guest', '2023-11-04 16:14:45', 'AWAL', 'STOCK AWAL', 437),
(438, 0, 'Guest', '2023-11-04 16:14:45', 'AWAL', 'STOCK AWAL', 438),
(439, 0, 'Guest', '2023-11-04 16:14:45', 'AWAL', 'STOCK AWAL', 439),
(440, 1, 'Guest', '2023-11-04 16:14:45', 'AWAL', 'STOCK AWAL', 440),
(441, 1, 'Guest', '2023-11-04 16:14:45', 'AWAL', 'STOCK AWAL', 441),
(442, 1, 'Guest', '2023-11-04 16:14:45', 'AWAL', 'STOCK AWAL', 442),
(443, 0, 'Guest', '2023-11-04 16:14:45', 'AWAL', 'STOCK AWAL', 443),
(444, 0, 'Guest', '2023-11-04 16:14:45', 'AWAL', 'STOCK AWAL', 444),
(445, 0, 'Guest', '2023-11-04 16:14:45', 'AWAL', 'STOCK AWAL', 445),
(446, 0, 'Guest', '2023-11-04 16:14:45', 'AWAL', 'STOCK AWAL', 446),
(447, 0, 'Guest', '2023-11-04 16:14:45', 'AWAL', 'STOCK AWAL', 447),
(448, 0, 'Guest', '2023-11-04 16:14:45', 'AWAL', 'STOCK AWAL', 448),
(449, 0, 'Guest', '2023-11-04 16:14:45', 'AWAL', 'STOCK AWAL', 449);

-- --------------------------------------------------------

--
-- Stand-in structure for view `transaksi_view_1`
-- (See below for the actual view)
--
CREATE TABLE `transaksi_view_1` (
`ID_TRANSAKSI` int(11) unsigned
,`ID_DAFTAR` int(11)
,`JUMLAH` int(32)
,`USER` varchar(64)
,`TANGGAL` datetime
,`JENIS` varchar(32)
,`KETERANGAN` varchar(128)
,`NAMA` varchar(128)
,`KATEGORI` varchar(32)
,`SUPPLIER` varchar(255)
);

-- --------------------------------------------------------

--
-- Structure for view `stock_view_1`
--
DROP TABLE IF EXISTS `stock_view_1`;

CREATE ALGORITHM=UNDEFINED DEFINER=`root`@`localhost` SQL SECURITY DEFINER VIEW `stock_view_1`  AS SELECT `daftar`.`ID_DAFTAR` AS `ID_DAFTAR`, `daftar`.`NAMA` AS `NAMA`, coalesce(`supplier`.`nama`,'') AS `SUPPLIER`, `daftar`.`QTY` AS `QTY`, `daftar`.`STN` AS `STN`, `daftar`.`KATEGORI` AS `KATEGORI`, coalesce(sum(`transaksi`.`JUMLAH`),0) AS `STOCK` FROM ((`daftar` left join `supplier` on(`daftar`.`ID_SUPPLIER` = `supplier`.`id_supplier`)) left join `transaksi` on(`daftar`.`ID_DAFTAR` = `transaksi`.`ID_DAFTAR`)) GROUP BY `daftar`.`ID_DAFTAR` ;

-- --------------------------------------------------------

--
-- Structure for view `transaksi_view_1`
--
DROP TABLE IF EXISTS `transaksi_view_1`;

CREATE ALGORITHM=UNDEFINED DEFINER=`root`@`localhost` SQL SECURITY DEFINER VIEW `transaksi_view_1`  AS SELECT `transaksi`.`ID_TRANSAKSI` AS `ID_TRANSAKSI`, `transaksi`.`ID_DAFTAR` AS `ID_DAFTAR`, `transaksi`.`JUMLAH` AS `JUMLAH`, `transaksi`.`USER` AS `USER`, `transaksi`.`TANGGAL` AS `TANGGAL`, `transaksi`.`JENIS` AS `JENIS`, `transaksi`.`KETERANGAN` AS `KETERANGAN`, `daftar`.`NAMA` AS `NAMA`, `daftar`.`KATEGORI` AS `KATEGORI`, `supplier`.`nama` AS `SUPPLIER` FROM ((`transaksi` left join `daftar` on(`transaksi`.`ID_DAFTAR` = `daftar`.`ID_DAFTAR`)) left join `supplier` on(`daftar`.`ID_SUPPLIER` = `supplier`.`id_supplier`)) ;

--
-- Indexes for dumped tables
--

--
-- Indexes for table `daftar`
--
ALTER TABLE `daftar`
  ADD PRIMARY KEY (`ID_DAFTAR`) KEY_BLOCK_SIZE=11;

--
-- Indexes for table `supplier`
--
ALTER TABLE `supplier`
  ADD PRIMARY KEY (`id_supplier`);

--
-- Indexes for table `transaksi`
--
ALTER TABLE `transaksi`
  ADD PRIMARY KEY (`ID_TRANSAKSI`) KEY_BLOCK_SIZE=11;

--
-- AUTO_INCREMENT for dumped tables
--

--
-- AUTO_INCREMENT for table `daftar`
--
ALTER TABLE `daftar`
  MODIFY `ID_DAFTAR` int(11) UNSIGNED NOT NULL AUTO_INCREMENT, AUTO_INCREMENT=450;

--
-- AUTO_INCREMENT for table `supplier`
--
ALTER TABLE `supplier`
  MODIFY `id_supplier` int(10) UNSIGNED NOT NULL AUTO_INCREMENT, AUTO_INCREMENT=10;

--
-- AUTO_INCREMENT for table `transaksi`
--
ALTER TABLE `transaksi`
  MODIFY `ID_TRANSAKSI` int(11) UNSIGNED NOT NULL AUTO_INCREMENT, AUTO_INCREMENT=450;
COMMIT;

/*!40101 SET CHARACTER_SET_CLIENT=@OLD_CHARACTER_SET_CLIENT */;
/*!40101 SET CHARACTER_SET_RESULTS=@OLD_CHARACTER_SET_RESULTS */;
/*!40101 SET COLLATION_CONNECTION=@OLD_COLLATION_CONNECTION */;
